index,대화0,대화1,대화2,대화3,대화4,대화5,대화6,대화7,대화8,대화9
1,././안/녕/,././또/ /왔/네/ /안/녕/,또/ /왔/구/나/ /././반/갑/네/,왔/구/나/ /안/녕/ /././반/가/워/,안녕/ /오/늘/도/ /반/가/워/,안/녕/ /오/늘/도/ /반/가/운/ /날/이/야/,어/서/ /와/./ /오/늘/도/ /안/녕/,안/녕/ /천/천/히/ /쉬/다/ /가/렴/,오/늘/은/ /언/제/ /오/나/ /했/어/./ /어/서/ /와/,어/제/도/ /오/늘/도/ /내/일/도/././ /언/제/나/ /찾/아/오/는/구/나/./ /정/말/ /고/마/워/
2,/(/별/다/른/ /관/심/이/ /없/어/ /보/인/다/./)/,/그/냥/ /앉/아/ /있/어/././ /////////그/게/ /다/야/,/난/ /그/냥/ /앉/아/ /있/어/././ //////////그/게/ /다/야/,/먹/고/ /싶/은/ /거/ /마/음/대/로 /안/ /먹/은/ /지/ /오/래/되/었/어/,"/영/화/의/ /제/목/처/럼/ /세/상/에/는/ /좋/은/ /사/람/과/ /나/쁜/ /사/람/,/ /그/리/고/ /이/상/한/ /사/람/이/ 공/존/하/는/ /거/ /같/아/",q/어/딘/가/로/ /여/행/을/ /떠/난/다/면/ /어/디/로/ /가/는/ /것/이/ /좋/을/까/y/ / /산/ / /n/ /바/다/ / /a/어/릴/ /때/ /산/에/서/ /벌/레/에/ /물/린/ /기/억/이/ /나/b/ /c/바/다/에/ /가/보/고/ /싶/어/././ /안/ /가/본/ /지/ /오/래/되/었/거/든/d,/오/늘/은/ /뭐/ /하/고/ /지/낼/까 /생/각/ /중/이/야/,/오/늘/은/ /뭘/ /하/면/서/ /하/루/를/ /보/낼/지/ /흠/././,/어/제/도/ /오/고 /오/늘/도/ /오/는/구/나/ /넌/,/너/랑/ /함/께/ /지/낸/ /지/ /얼/마/나/ /된/ /건/지/././ /자/주/ /보/내/는/ /시/간/이/ /많/아/
3,/나/에/게/ /할/ /말/이/라/도/ /있/니/././,/다/리/에/ /쥐/가/ /나/서/ /못/ /움/직/이/겠/어/,/등/이/ /가/려/운/데/ /손/이/ /잘/ /안/ /닿/아/,/밖/으/로/ /나/간/다/면/ /./.아/니/다/,/밖/으/로/ /나/간/다/면/ /여/기/저/기/ /둘/러/보/고/ /싶/어/ /././여/행/도/ /좋/고/,식/사/는/ /보/통/ /혼/자/ /하/는/ /편/이/지/././ /곁/에/ /누/군/가 /있/지/ /않/다/면/,/이/제/ /밖/으/로/ /나/갈/ /수/ /있/게/ /되/어/서/ /좋/기/도/ /하/지/만/ /두/렵/기/도/ /해/,q/달/콤/한/ /간/식/을/ /좋/아/하/니/?/y/ /응/ / / /n/ /아/니/ / /a/나/는/ /사/탕/이/랑/ /초/콜/릿/ /둘/ /다/ /달/콤/해/서/ /좋/아/b/ /c/단/ /거/ /말/고/ /뭐/가/ /있/을/까/./ /신/ /것/도/ /있/고/ /쓴/ /것/도/ /있/고/d/,/아/무/리/ /생/각/해/도/ /넌/ /정/말 /이/상/한/ /사/람/이/야/,/처/음/ /봤/을/ /때/ /넌/ /이/상/했/어/./ /솔/직/히/ /나/랑/ /계/속/ /대/화/할/ /줄/ /몰/랐/거/든/
4,/음/././ /////////어/././,/등/이/ /가/려/운/데/ /손/이/ /잘/ /안/ /닿/아/,/지/금/ /내/가/ /잘/살/고/ /있/는/ /건/지/ /모/르/겠/어/ /확/신/이/ /없/거/든/,/따/뜻/한/ /차/를/ /마/시/며/ /쉬/고/ /싶/어/,/산/에/ /올/라/간/다/면/ 있/는/ /힘/껏/ /소/리/를/ /지/를/ /거/야/./ /아/주/ /힘/차/게/,/산/에/ /올/라/가/서/ /시/원/한/ /바/람/을/ /느/끼/고/ /싶/어/,/언/젠/가/ /빛/나/고/ 화/려/한/ /삶/까/지/는/ /아/니/더/라/도/ /나/에/게/ /가/져/다/주/는/ 작/은/ /행/복/을/ /주/는/ /삶/을/ /살/고/ /싶/어/,/표/현/은/ /서/툴/지/만/ /조/금/씩/ /연/습/해/서/ /표현/한/다/면/ /언/젠/가/ /잘/ /표/현/하/는/ /날/이/ /오/겠/지/?/,/말/을/ /너/무/ /많/이/ /하/면/ /목/이/ 말/라/,/추/억/은/ /점/점/ /잊/어/가/는/ /데/ /너/와/ /함/께/한/ /추/억/은/ /잊/고/ /싶/지/ /않/아/
5,/그/렇/구/나/././,/././머/리/가/ /무/거/워/ /어/지/러/운/ /것/ /같/기/도/././,/뭘/ /하/려/고/ /그/랬/지/ /기/억/이/ /안/ /나/,/간/지/러/워서/ /밑/을/ /봤/는/데/ /작/은/ /벌/레/가/ /기/어/가/고/ /있/었/어/.,/아/플/ /때/ /혼/자/라/면/ /어/쩔/ /수/ /없/지/만/ /누/군/가/가/ /나/를 /걱/정/해/ /주/면/ /좋/을/ /거/ /같/아/,/아/플/ /때/ /혼/자/ /있/으/니/까/ /더/ /아/픈/ /느/낌/이/었/어/ /././네/가/ /곁/에/ /있/어/ /주/니/까/ /좀/ /나/은/ 거/ /같/기/도/,/삶/이/라/는/ /게 /뭔/지/ /정/의/되/어/ /있/지/ /않/아/./ /마/치/ /새/하/얀/ /도/화지/처/럼/,/예/전/에/는/ /정/말/ /아/무/것/도/ /하/기/ /싫/었/는/데/ /요/즘/은/ /그런/ /생/각/을/ /안/ /한/ /지/ /오/래/된/ /거/ /같/아/,q/계/절/이/ /바/뀐/다/는/ /것/은/ /정/말/ /신/기/해/y/ /맞/아/ / /n/ /글/쎄/ / /a/사/계/절/이/ /있/다/는/ /것/은/ /좋/은/ /거/야/./ /여/러/ /가/지/ /풍/경/을/ /볼/ /수/ /있/거/든/b/ /c/한/ /계/절/만/ /좋/아/ /할/ /수/도/ /변/하/는/ /것/을/ /좋/아/하/지/ /않/을/ /수/도/ /있/지/d/,/좋/은/ /추/억/을/ /만/들/어/준/ /너/에/게/ /감/사/하/다/고/ /말/하/고/ /싶/어/ /././이/미/ /말/하/고/ /있/네/
6,/왜/?/ /보/고/ /있/어/?/,/지/금/ /내/가/ /잘/살/고/ /있/는/ /건지/ /모/르/겠/어/,/거/북/이/는 /어/떤/ /소/리/를/ /내/며/ /우/는/ /걸/까/,/독/서/를/ /하/면/서/ /그/ /세/상/에/ /빠/져/있/어/서/ /집/중/해/,/온/종/일/ /집/에/만/ /있으/면/ /몸/이/ /뻐/근/할/ /거/야/ /돌/아/다/녀/ /봐/야/지/,/(/굴/러/가/는/ /먼/지/를/ /쳐/다/보/고/ /있/다/./),/밖/에/ /나/갈/ /수/ /있/으/니/ /아/침/ /산/책/이/라/도/ 할/까/ /생/각/ /중/이/야/,/(/작/게/ 헛/기/침/을/ /했/다/./ /내/ /눈/치/를/ /보/는/ /듯/하/다/가/ /이/내 /고/쳐/잡/았/다/./)/,/요/즘/에/는/ /꿈/을/ /자/주 /꾸/는/ /거/ /같/아/./ /생/각/도/ /나/고/,/(/서/로/ /마/주/ /보/며/ /웃/는/다/./ /기/분/이/ /좋/은/ /듯/하/다/./)/
7,/하/암/./////.////// /////피/곤/해/,/뭘/ /하/려/고/ /그/랬/지/,/행/복/이/란/ /건/ /뭘/까/ /음/././,크/게/ /소/리/ /지/르/고/ /싶/을/ /때/가/ /있/어/ /,/아/래/층에/는/ /요/리/할/ /수/ /있/어/서/ /좋/은/ /거/ /같/아/./ /시/켜/ 먹/을/ /필/요/가/ /없/으/니/까/,/(/시/선/이/ /느/껴/져/ /쳐/다/봤/지/만/ /아/무/것/도/ /없/었/다/.)/,/요/즘/ /몸/이/ /조/금/ /건/강/해/지/는/ 기/분/이/야/,/밖/으/로/ /나/갈/ /수/ /있/게/ /되/어/서/ 좋/기/도/ /하/지/만/ /두/렵/기/도/ /해/,/즐/겁/고/ /행/복/한/ 삶/을/ /살/면/ /하/루/하/루/ /기/분/이/ /좋/을/ /거/라/고/ /생/각/해,/(/손/을/ /내/밀/자/ /손/을/ /잡/았/다/./ /온/기/가/ /느/껴/진/다/./)/
8,/졸/리/네/././,/나/에/게/ /할/ /말/이/라/도/ /있/니/?/,/언/젠/가/ /비/가/ /그/치/긴/ /하/겠/지/ /././언/젠/가/는/,/(/눈/이/ /마/주/쳤/지/만/ /조/금/ /쳐/다/보/고/ /돌/아/봤/다/./)/,/앞/쪽/ /창/문/과/ /뒷/쪽/ /창/문/의/ /디/자/인/은/ /같/아/,/언/젠/가/ /빛/나/고/ /화/려/한/ /삶/까/지/는/ /아/니/더/라/도/ 나/에/게/ /가/져/다/주/는/ /작/은/ /행/복/을/ /주/는/ /삶/을/ /살/고 /싶/어/,/예/전/에/는/ /밥/ /먹/기/ /귀/찮/았/는/데/ /이/제/는/ 삼/시/ /세/끼/ /꼬/박/ /챙/겨/ /먹/어/,/요/즘/ /몸/이/ /조/금/ /건강/해/지/는/ /기/분/이/야/./ /밖/으/로/ /나/가/는/ /것/ /때/문/일/까,/(/천/천/히/ /자/신/을/ /보/고/ /있/다/./)/ /,/언/젠/가/ /사/진/을/ /찍/고/ /싶/어/./ /남/는/ /건/ /사/진/뿐/이/다/ /라/는/ /말/이/ /있/듯/이/ /추/억/을/ /보/관/하/고/ /싶/어/
9,/././계/속/ /그/렇/게/,/자/고/ /있/을/ /때/ /벌/레/ /나/오/면/ /무/서/울 /것/ /같/아/,/내/가/ /밖/으/로/ /나/갈/ /수/ /있/는/ /용/기/가/ /생/기/긴 /할/까/././ /확/신/이/ /없/어/,/이/런/ /날/씨/에/는/ /선/크/림/도/ /필/요/ /없/겠/지/,/사/다/리/ /덕/분/에/ /위/층/으/로/ /올/라/갈/ /수/ /있/어/서/ /좋/아/,/가/전/제/품/이/ /있/지/만/ /전/기/를/ /아/껴/야/ /하/기/ 때/문/에/ /얼/마/ /못/ /써/,/위/층/은/ /잠/자/기/ /좋/은 /장/소/인/ /거/ /같/아/ /././아/늑/해/,/밖/으/로/ /나/간/다/는/ /것/은/ /작/은/ /모/험/과/도/ /같/아/./ 무/엇/이/ /있/을/지/ /모/르/거/든/,/아/이/스/ /아/메/리/카/노/를/ /마/시/다/가/ /어/느/ /순/간/ /얼/음/밖/에/ /안/ /남/으/면/ /아/쉬/워/,/지/금/ /순/간/이/ /나/에/게/ /하/나/ /뿐/인/ /순/간/이/라/서/ /더/ /소/중/한/ /거/ /같/아/
10,/어/././ /여/기 /있/을/ /예/정/이/니/?/,/밖/에/ /비/가/ /오/는/구/나/,/햇/빛/이/ /얼/마/나/ /밝/고/ /따/뜻/했/을/까/?/ /이/제/는/ /기/억/이/ /희/미/해/져/,/아/플/ /때/ /누/군/가/ /내 /곁/에/ /없/다/는/ /것/에/ /익/숙/해/졌/어/ /././익/숙/해/,q/고/층/ /빌/딩/에/서/ /산/다/면/ /어/떤/ /기/분/일/까/?/y/무/서/워/ / /n/ /별/로/ / /a/정/말/ /높/은/ /곳/이/기/ /때/문/에/ /무/서/운/ /걸/까/b/ /c/올/라/가/ /본/적/이/ /없/어/서/ /생/각/조/차/ /되/지/도/ /않/아/d,/시/간/이/ /벌/써/ /이/렇/게/ /갔/구/나././////////////// /너/랑/ /있/으/면/ /시/간/ /가/는/ /줄/ /모/르/는/ /거/ /같아/,/아/래/층/은/ /밥/ /먹/기 /좋/은/ /장/소/야/ /././딱/ /봐/도/ /그/렇/지/,q/내/가/ /아/직/ /못/ /가/본/ 세/상/은/ /얼/마/나/ /넓/을/까/?/y/ /많/이/ / /n/ /조/금/ / /a/방/이/ 이/렇/게/ /작/으/니/까/ /밖/은/ /훨/씬/ /넓/을/ /거/라/고/ /생/각/해/b/ /c/생/각/보/다/ /작/을/ /수/도/ /있/겠/네/ /././음/d/,/봄/에/는/ /벚/꽃/을/ /볼/ /수/ /있/어/서/ /좋/아/. /일/ /년/에/ /한/번/뿐/인/ /순/간/이/니/까/,/나/는/ /원/래/ /이/렇/게/ /수/다/쟁/이/가/ /아/니/었/어/./ /말/수/가/ /적/은/ /편/이/었/지/
11,/가/더/라/도/ /말/리/지/ /않/아/,/(/콜/록/ /콜/록/)//////////// ././신/경/쓰/지/마/,/따/뜻/하/고/ /부/드/러/운/ /핫/케/이/크/가/ /먹/고/ /싶/어/,/밤/이 /되/면/ /세/상/이/ /조/용/해/져/서/ /빗/소/리/가/ /더/ /강/하/게/ 들/려/와/,/시/간/이/ /벌/써 /이/렇/게/ /흘/렀/네/././ /오/늘/ /하/루/도/ /적/당/히/ /보/낸/ 거/ /같/아/,/구/름/ /사/이/로/ /작/은/ /햇/빛/을/ /본/ /거/ /같/아/ /./.꿈/이/었/을/까/?/,/오/늘/은/ /잠/을 /푹/ /자/고/ /싶/어/ /(/하/품/ /하/는/ /소/리/가/ /난/다/)/,/음/././ /그/냥/ /이/것/저/것/ /생/각/하/고/ /있/었/어/,/여/름/이/ /되/면/ /바/다/에/ /놀/러/ /가/ /수/영/하/면/ /기/분/이/ /좋/을/ /거/ /같/아/,/사/람/은/ /갑/자/기/ /변/하/면/ /무/슨/ /일/ /있/는/ /거/ /아/닌/가/ /하/고/ /걱/정/을/ /하/지/./ /내/ /이/야/기/는/ /아/니/니/까/ /걱/정/하/지/ /마/
12,/뭔/가/ 할/ /말/이/라/도/././ /음/,/방/안/에/ /습/기/가/ /차/서/ /매/우/ /불/쾌/해,q/(/말/을/ /걸/어/ /볼/까/?/)/y/ /한/다/ / /n/안/ /한/다/ /a/./././(/반/응/이/ /없/다/./)/b/ /c/././?/ /(/쳐/다/보/다/가/ /말/았/다/./)/d,/자/주/ /시/켜/ /먹/으/니/까/ /건/강/이/ /나/빠/지/는/ /듯/ /해/,/아/래/층/에/는/ /T/V/가/ /있/어/서/ /덜/ /지/루/한/ 기/분/이/야/,q/신/문/을/ /자/주/ /읽/는/ /편/이/니/?/y/ /읽/어/ / /n/안/ /읽/어/ /a/가/끔/ /신/문/을/ /보/다/ /보/면/ /내/가/ /모/르/는/ /세/상/에/ /대/해/ /궁/금/해/져/b/ /c/어/려/운/ /용/어/와/ /글/자/가/ /많/아/서/ /손/이/ /가/는/ /편/은/ /아/닐/거/야/d,/목이/ /마/른/ /데/ /물/을/ /마/셔/야/겠/어/./ /이/따/가/ /마/실/ /생각/이/야/,/(/팔과/ /다/리/를/ /가/볍/게/ /스/트/레/칭/하/고/ /있/다/./)/,잎/이/ /떨/어/지/고/ /붉/게/ /물/든/다/면/ /가/을/이/ /찾/아/온/다/는 /소/식/이/지/,/친/절/한/ /사/람/을/ /만/나/는/ /것/보/다/ /친/절/한/ /사/람/이/ /되/는/ /것/은/ /어/려/워/ /././아/직/도/ /배/울/ /것/은/ /많/아/
13,/밖/에/ /비/가/ /오/는/구/나/,/뭔/가/를/ /먹/고/ /싶/은/데/ /그/거/조/차/도/ /귀/찮/아/,/시/원/한/ /탄/산/음/료/를/ /마/시/고/ /싶/어/ /,/밀/가/루/ /음/식/을/ /자/주/ /먹/으/니/까/ /살/이/ /찌/는 /기/분/이/야/,/냉/장/고/가/ /있/다/면/ /음/식/을/ /보/관/하/겠/지/ /../더/ /다/양/한/ /음/식/을/ /만/들/ /수/ /있/지/ /않/을/까/,/냉/장/고/가/ /있/다/면/ /음/식을/ /보/관/하/겠/지/ /././더/ /다/양/한/ /음/식/을/ /만/들/ /수/ 있/지/ /않/을/까/,/밖/으/로/ /나/간/다/는/ /것/은/ /작/은/ /모/험/과/도/ /같아/,/마/음/속의/ /보/슬/비/가/ /맑/은/ /하/늘/을/ /보/는/ /그/날/까/지/ /././언/젠/가/는/,/함/박/눈/이/ /펑/펑/ /내/리/는/ /겨/울/날/에/ /따/뜻/한/ /호/빵/을/ /먹/고/ /싶/어/,/쳐/지/는/ /기/분/을/ /떨/쳐/내/기/ /위/해/서/는/ /무/엇/을/ /해/야/ /좋/을/까/ /././음/ /어/려/운/ /생/각/이/네/
14,/흐/음/..///////// /음/././,/장/마/가 /끝/나/기/는/ /할/까/././?/ /언/젠/가/는/,/간/지/러/워/서/ /밑/을/ /봤/는/데 /작/은/ /벌/레/가/ /기/어/가/고/ /있/었/어/././,/쓰/레/기/를/ /버/리/러/ /가/야/하/는/데/ /././나/가/기/ /귀/찮/아/,/집/ 안/에/ /식/물/이/ /있/다/면/ /좀/ /더/ /화/사/한/ /기/분/이/ /들/지 /않/을/까/ /하/고/ /생/각/해/,/집/ /안/에/ /식/물/이/ /있/다/면/ /좀/ /더/ /화사/한/ /기/분/이/ /들/지/ /않/을/까/ /하/고/ /생/각/해/,q/내/가/ /아/직/ /못/ /가/본/ 세/상/은/ /얼/마/나/ /넓/을/까/?/y/ /많/이/ / /n/ /조/금/ / /a/방/이/ 이/렇/게/ /작/으/니/까/ /밖/은/ /훨/씬/ /넓/을/ /거/라/고/ /생/각/해/b/ /c/생/각/보/다/ /작/을/ /수/도/ /있/겠/네/ /././음/d/,/(/창/문/을/ /쳐/다/봤/다/./)/ /너/도/ /창/문/ /보/는/ 거/ /좋/아/하/는/구/나/,/매/미/ /소/리/가/ /들/려/오/는/ /어/린/ /시/절/ /여/름/날/이/ /그/리/울/ /때/가/ /있/어/,/누/군/가/ /다/가/오/는/ /것/이/ /싫/을/ /때/도/ /있/지/만/ /계/속/ /다/가/온/다/면/ /그/것/에/ /익/숙/해/지/는/ /걸/까/
15,/././머/리/가/ /무/거/워/,/움/직/이/기/ /귀/찮/아,/여/기/서/ /밖/에/ /나/가/면 /뭐/가/ /있/을/까/,/오/늘/도/ /내/일/도/ /온/종/일/ /집/에/만/ /있/을/ 예/정/이/야/ /././언/젠/가/ /나/가/겠/지/,/././언/젠/가/ /외/출/할/ /수/ /있/는/ /날/이/ /다/가/올/ /거/야/ /,/위/층/은/ 잠/자/기/ /좋/은/ /장/소/인/ /거/ /같/아/ /././아/늑/해/,/뭉/게/구/름/을/ /본/ /기/억/이/ /점/점/ /희/미/해/져/././ /언/젠/가/ /볼/ /수/ /있/겠/지/,/벽/지/가/ /깔/끔/하/니/ /보/기/ /좋/은/ /거 /같/아/./ /진/작/에/ /그/럴/ /걸/ /예/전/에/는/././,q/(/창/문/을/ /쳐/다/보/고/ /있/다/./)/ /y/같/이/본/다/ /n/안/ /본/다/ /a/너/도/ /창/문/을/ /보/는/ /것/을/ /좋/아/하/는/ /구/나/b/ /c/창/밖/을/ /보/면/ /여/러/ /가/지/를/ /볼/ /수/ /있/어/./ /나/중/에/ /보/렴/d/,/마/음/속/에/ /비/가/ /내/릴/ /때/도/ /있/겠/지/만/ /거/부/하/지/ /않/겠/어/./ /흐/린/ /뒤/에/는/ /언/젠/가/ /맑/은/ /날/이/ /찾/아/올/ /테/니/까/
16,/(/작/은/ /기/침/ /소/리/가/ /난/다/./)/,/이/ /비/는/ /언/제/까/지/ /내/릴/까/././ /////////그/치/기/는/ /할/까/,q/밖/에/는/ /나/와/ /같/은/ /사/람/들/이/ /있/을/까/?/y/ /있/어/ / /n/ /없/어/ / /a/나/와/ /같/구/나/ /././음/b/ /c/그/럼/ /다/들/ /어/떤/ /사/람/들/일/까/ /././음/d,/(/심/하/게/ /기/침/을/ 한/다/ /././이/내/ /잠/잠/해/졌/다/./)/,/생/각/을/ /한/다/는/ /것/은/ /쉬우/면/서/도/ /어/려/운/ /법/이/야/ /,/아/래/층은/ /밥/ /먹/기/ /좋/은/ /장/소/야/ /././딱/ /봐/도/ /그/렇/지/,/음/././ /그/냥/ /이/것/저/것/ /생/각/하고/ /있/었/어/,/음/././ 이/따/가/ /외/출/이/나/ /해/볼/까/ /아/니/면/ /집/에/ /있/을/까/./. /고/민/이/네/,/벽/지/가/ /깔/끔/하/니/ /보/기/ /좋/은/ /거/ /같/아/./ /진/작/에/ /그/럴/ /걸/ /예/전/에/는/ /왜/ /안/ /했/을/까/,q/누/군/가/를/ /위/해/ /울/어/준/다/는/ /것/은/ /././좋/은/ /일/일/까/?/y/좋/은/ /일/ /n/ /././ / /a/함/께/ /눈/물/을/ /흘/린/다/면/ /위/로/를/ /더/ /받/는/ /기/분/일/ /수/도/././ /슬/픔/을/ /공/유/하/면/ /사/라/지/는/데/ /도/움/이/ /될/ /수/ /있/으/니/까/b/ /c/././나/ /때/문/에/ /눈/물/이/ /흐/르/니/까/ /더/ /슬/플/지/도/ /모/르/겠/어/./ /그/래/서/ /더/ /모/르/겠/어/d/
17,/저/밖/에/ /뭐/가/ /보/이/는/데/,/(/아/무/것/도/ /안/ /하/고/ /있/다/)/,/작/지/만/ /방/이/ /있/다/는/ /것/이 /정/말/ /좋/아/,/위/에/ /먼/지/가/ /많/이 /쌓/였/어/./ /언/젠/가/ /청/소/를/ /해/야/겠/지/,/지/금/ /밖/에/ /비/가/ /많/이 /내/려/서/ /바/깥/에/ /있/는/ /사/람/들/이/ /힘/들/ /거/ /같/아/,가/족/들/이/ /건/강/하/게/ /잘/ /계/신/다/는/ /것/은/ /좋/은/ /일/이/야/,/이/제/ /계/속/ /사/ /먹/는/ /것/보/다/ /뭔/가/를/ 만/들/어/서/ /먹/고/ /싶/어/,/사/람/은/ /기/분/에/ /따/라/ /행/동/을/ /다/르/게/ 하/지/./ /좋/은/ /점/도/ /있/고/ /나/쁜/ /점/도/ /있/어/,/나/중/에/ /같/이/ /어/딘/가/로/ /여/행/가/면/ /././좋/을/까/,/이/기/심/이/ /마/음/을/ /지/배/할/ /때/도/ /있/지/만/ /떨/쳐/내/려/고/ /노/력/한/다/면/././ /쉽/지/는/ /않/지/만/
18,/밖/에/ /저/것/은 /뭘/까/,/밖/에/ /뭐/가/ /보/이/는 /것/ /같/은/데/ /저/건/ /뭘/까/,/비/싸/긴/ /해/도/ /뭔/가/를/ /사/ /먹/어/야/겠/지,/이/런/ /날/씨/에 /우/산/은/ /필/수/야/ /././아/니/면/ /우/비/ /옷/을/ /입/어/도/ 좋/고/,(/크/게/ /재/채/기/를/ /한/ /소/리/가/ /난/다/./ /다/행/히/ /기/침/은/ /아/닌/ /듯/하/다/./)/,/잠/에/서/ /깨/어/나/ /보/니/ /오/전/이/ /훌/쩍/ /지/나/간/ /적이/ /있/었/어/,/먹/구/름/ /사/이/에/ /햇/빛/을/ /본/다면/ /조/금/이/라/도/ /기/분/이/ /좋/을/ /텐/데/,/아/침/에 /일/어/나/서/ /가/볍/게/ /스/트/레/칭/을/ /하/면/ /몸/이/ /가/뿐/해/져/,q/어/딘/가/로/ /여/행/을/ /떠/난/다/면/ /어/디/로/ /가/는/ /것/이/ /좋/을/까/y/ / /산/ / /n/ /바/다/ / /a/어/릴/ /때/ /산/에/서/ /벌/레/에/ /물/린/ /기/억/이/ /나/./ /힘/들/었/지/만/ /정/상/에/ /도/착/하/면/ /좋/았/어/b/ /c/바/닷/가/에/서/ /놀/면/ /시/원/할/거/야/ /././함/께/가/면/ /더/ /좋/을/지/도/ /몰/라/d,/(/하/늘/을/ /쳐/다/본/다/./)/ /이/제/ /날/씨/가/ /맑/아/도/ /비/가/와/도/ /어/느/ /쪽/이/든/ /괜/찮/아/
19,/(/콜/록/ /콜/록/)/,/몸/이/ /끈/적/거/리/는/ /거 /정/말/ /싫/어/,/더/ /이/상/ /물/이/ /새/지/ /않/았/으/면/ /좋/겠/어/,/방/을/ /다/니/다/가/ /작/은/ /돌/이/ /밟/혔/어/ /././청/소/가/ /덜/ /된/ /거/ /같/아/,/(/눈/이/ /마/주/치/자/ /살/짝/ /눈/이 /커/졌/다/가/ /이/내/ /원/래/ /표/정/으/로/ /돌/아/왔/다/./)/,/(/어/디/선/가/ /꼬/르/륵/ /소/리/가/ /났/다/)/ ////////////././크/흠/,/사/람/은/ /기/분/에 /따/라/ /행/동/을/ /다/르/게/ /해/,/비/ /오/는/ /소/리/가/ /점/점/ /줄/어/드/는/ /건/ /기/분/ /탓/일/까/ ////////////////././정/말/이/면/ /좋/겠/는/데/,책/을/ /읽/다/가/ /고/대/ /유/적/지/를/ /봤/어/./ /언/젠/가/ /구/경/하/러/ /가/고/ /싶/어/,q/(/작/게/ /흥/얼/거/리/는/ /소/리/가/ /난/다/./)/ /y/쳐/다/본/다/ /n/무/시/한/다/ /a/././노/래/ /부/르/지/ /않/았/어/./ /정/말/이/야/ /(/볼/이/ /빨/개/졌/다/./)/b/ /c/(/조/금/ /더/ /크/게/ /흥/얼/거/리/는/ /듯/ /하/다/./)/d/
20,/모/든/ /게/ /귀/찮/아/,/내/가/ /밖/으/로/ /나/갈/ /용/기/가/ /생/기/긴/ 할/까/././ /언/젠/가/는/,/아/침/에/는 /항/상/ /일/어/나/기/ /귀/찮/아/././ /어/째/서/일/까/,/가/끔/ /천/장/에/서/ /부/스/럭/ /거/리는/ /소/리/가/ /나/는/데/ /././뭘/까/?/,/라/디/오/에/서/ /가/끔/ /클/래/식/ /음/악/이/ /나/오/는/데/ /듣/기/ /좋아/,/정/말/ /맛/있/는/ /음/식/을/ /잔/뜩/ /먹/어/보/고/ /싶/어./ /건/강/에/는/ /안/ /좋/겠/지/만/,/기/름/진/ /음/식/을/ /잔/뜩/ 먹/고/ /싶/지/만/ /매/일/ /먹/으/면/ /건/강/에/ /안/ /좋/겠/지/,/사/람/마/다/ /직/접/ /경/험한/ /것/이/ /다/르/기/에/ /쉽/게/ /공/감/하/기/ /어/려/워/./ /못/ 한/다/고/ /잘/못/된/ /건/ /아/니/야/,/요/즘/ /사/람/들/이/ /얼/굴/을/ /마/주/ /보/며/ /대/화/하/는/ /시/간/이/ /얼/마/나/ /될/까/././ /바/쁘/게/ /살/아/가/고/ /있/으/니/까/,/의/미/없/는/ /하/루/를/ /보/내/도/ /나/쁘/지/ /않/다/고/ /생/각/해/./ /내/일/이/ /있/으/니/까/
21,/사/는/ /게 /지/루/하/고/ /재/미/없/어/,/손/이/ /좀/ /시/린/ /거/ /같/아/ /따/뜻/한/ /무/언/가/ /필/요/해/,/이/런/ /날/씨/에/는/ /선/크/림/도/ /필/요/ /없/겠/지/,q/(/무/엇/을/ /하/고/ /있/는/지/ /물/어/볼/까/?/)/y/물/어/본/다/ /n/관/둔/다/ / /a/././?/ /그/냥/ /숨/을/ /쉬/고/ /있/어/./ /숨/쉬/기/ /운/동/b/ /c/(/조/용/히/ /숨/을/ /쉬/고/ /있/다/./)/d,/(/가/전/제/품/을/ /쳐/다/보/고/ /있/다/./)/,/미/세/먼/지/가/ /심/한/ /날/에/는/ /외/출/을/ /자/제/하/는/ /편/이/ /좋/지/ /././하/지/만/ /사/회/가/ /허/락/하/지/ /않/지/,/요/즘/에/는/ /천/원/으/로/ /간/식/을/ /사/ /먹/을/ /비/용/이/ /되/지/ 않/는/ /거/ /같/아/ /././어/릴/때/는/ /안/ /그/랬/는/데/,/음/././나/중/에/ /같/이/ /어/딘/가/로/ /간/다/면/ /././흐/음/,/시/야/를/ /넓/힌/다/는/ /것/은/ /주/어/진/ 과/제/처/럼/ /어/렵/고/ /힘/든/ /일/이/야/,/요/즘/ /잠/을/ /자/는/ /게/ /두/렵/지/ /않/아/./ /예/전/에/는/ /어/두/움/ /밤/이/ /찾/아/오/면/ /두/려/웠/거/든/
22,/요/즘/ /힘/이/ /없/어/,/음/././ /있/잖/아/./././아/니/야/ /아/무/것/도/././,/밤/에/ /가/끔/ /고/양/이 /소/리/가/ /들/려/와/./ /앉/아/있/다/가/는/ /걸/까/?/,/바/람/이/ /너/무/ /부/니/까/ /벽/에/서/ /쿵/ /소리/가/ /난/ /적/이/ /있/어/ /././조/금/ /무/서/웠/지/,/(/하/품/하/다/가 /눈/에/ /맺/힌/ /눈/물/을/ /닦/고/ /있/다/./)/,/예/전/에/는/ /마/음/속/의/ /비/가/ /주/룩주/룩/ /내/렸/다/면/ /요/즘/은/ /보/슬/비/처/럼/ /내/려/와/,/미/세/먼지/가/ /심/한/ /날/에/는/ /외/출/을/ /삼/가/고/ /싶/어/./ /이/제/ 건/강/을/ /챙/기/고/ /싶/거/든/,/심/장/ /소/리/를/ /듣/고/ /있/으면/ /내/가/ /살/아/있/다/는/ /것/을/ /느/낄/ /수/ /있/어/,q/(/시/선/이/ /느/껴/진/다/./ /고/개/를/ /돌/려/볼/까/?/)/y/ /한/다/ / /n/안/ /한/다/ /a/(/눈/이/ /마/주/치/자/ /살/짝/ /웃/었/다/./ /그/렇/게/)/b/ /c/././음/(/짧/은/ /소/리/가/ /들/린/다/./)/d/,/잠/을/ /자/면/ /내/일/이/ /찾/아/온/다/는/ /것/이/ /싫/었/지/만/ /지/금/은/ /아/니/야/
23,/././휴/ /(한/숨/)/,/먹/고/ /싶/은/ /음/식/은/ /평/생/ /못/ /먹/겠/지/,/음/식/을/ 자/주/ /시/켜/ /먹/으/니/까/ /건/강/이/ /나/빠/지/는/ /기/분/이/야/,/이/런/ /날/씨/에/ /자/전/거/를/ /탈/ /수/는/ /없/겠/지/,/(/손/바/닥/과/ 발/바/닥/을/ /비/교/하/고/ /있/다/./ /생/각/보/다/ /작/아/ /보/인/다./)/,/아/침/에 /일/어/나/는/ /건/ /항/상/ /힘/들/지/만/ /그/래/도/ /일/어/나/야/지./ /하/루/를/ /시/작/하/기/ /위/해/서/는/,/동/네/ /근/처/에/ /2/4/시/간/ /세/탁/소/가/ /생/겨/서/ /좋/아/,/(/창/밖/에/서/ /고/양/이/ /소/리/가/ /희/미/하/게/ /난/다/./)/,/지/금/ /노/래/를/ /부/른/다/면/ 너/ /말/고/ /들/어/주/는/ /사/람/은/ /없/겠/지/,/요/리/를/ /하/고/ /난/ /뒤/에/ /뒷/정/리/한/다/는/ /것/은/ /항/상/ /귀/찮/아/ /././이/건/ /안/ /고/쳐/지/려/나/
24,/여/긴/ /정/말/ /눅/눅/해/,햇/빛/이/ /얼/마/나/ /밝/았/고/ /따/뜻/했/는/지/././ /이/제/는/ /기억/이/ /안/ /나/,밀/가/루/ /음/식/을/ /자/주/ /먹/으/니/까/ /살/이/ /찌/는/ /기/분/이/ /들/어,/저/번/에/ /창/밖/으/로 /커/다/란/ /차/가/ /지/나/가/길/래/ /집/이/ /흔/들/렸/어/,/(/피/곤/해/ /보/이/는/지/ /졸/고/ /있/다/./)/,/아/직/도/ /바/람/에/ /창/문/이/ /흔/들/리/지/만/ /버/틸/만/해/,/아/침/에/ /일/어/나/서/ /가/볍/게/ /스/트/레/칭/을/ /하/면/ /몸/이/ /가/뿐/해/져/,q/청/소/를/ /자/주/하/는/ /편/이/니/?/y/ /응/ / / /n/ /아/니/ / /a/나/도/ /이/제/ /청/소/를/ /하/는/ /편/인/데/ /먼/지/는/ /매/일/ /생/기/니/까/ /어/쩔/ /수/ /없/나/ /봐/b/ /c/자/주/하/는/ /것/이/ /힘/들/면/ /몰/아/서/ /한/꺼/번/에/ /하/는/ /것/도/ /나/쁘/지/ /않/을/ /거/ /같/아/d/,/(/천/장/을/ /따/라 /시/선/을/ /옮/기/니/ /거/미/와/ /마/주/쳤/다/./)/,/먹/구/름/ /위/에/는/ /해/가/ /반/짝/이/며/ /우/리/를/ /기/다/리/고/ /있/겠/지/
25,/././퀘/퀘/한/ /냄/새/,/예/전/에/는/ /내/가/ /무/엇/을/ /하/며/ /지/냈/는/지/ /기/억/이/ /안/ /나/,/아/침/에/ /새/들/이/ /창/문/에/ /앉/아/있/다/가/ /가/버/려,/새/를/ 기/르/고/ /싶/지/만/ /새/장/에/ /가/둬/두/고/ /싶/지/는/ /않/아/./ 나/도/ /갇/혀/있/는/ /건/ /싫/은/걸/,/밤/에/는/ 졸/릴/ /때/도/ /있/고/ /안/ /졸/릴/ /때/도/ /있/어/,/무/언/가/를/ /기/다/린/다/는/ 것/은/ /나/도/ /그/렇/고/ /상/대/방/도/ /지/치/게/ /하/는/ /일/이/야,/(/팔/을/ /펴/서/ /스/트/레/칭/하/고/ /있/다/./)/,/지/금/ /살/아/가/는/ /이/ /순/간/은/ /다/시/ /돌아/오/지/ /않/으/니/까/ /시/간/은/ /금/이/라/는/ /말/이/ /나/오/는/ 걸/까/,/요/리/를/ /하고/ /난/ /뒤/에/ /뒷/정/리/한/다/는/ /것/은/ /항/상/ /귀/찮/아/ /../이/건/ /안/ /고/쳐/지/려/나/,/창/밖/에/ /새/가/ /날/아/가/는/ /소/리/가/ /들/렸/는/데/ /././기/분/ /탓/일/까/ /진/짜/일/까/?/
26,/조/금 /배/고/프/네/,/구/름/은/ /어/디/로/ /하/염/없/이/ /흘/러갈/까/,/아/플/ /때 /누/군/가/ /내/ /곁/에/ /없/으/면/ /좀/ /서/러/워/지/더/라/././ 지/금/은/ /익/숙/해/졌/어/,/따/뜻/했/던/ /나/날/을/ /기/억/한/다/면/ /어/떤/ /기/분/이/ /들/지/ /음/././,/아/침/에/ /일어/나/는/ /건/ /항/상/ /힘/들/어/././ /피/곤/함/과/ /별/개/로/ /말/이/야/,/답/은/ /정/해/져/ /있/지/ /않/기/에/ /틀/린/ /것/이/ /아/니/라/ 우/린/ /다/른/ /거/야/,/(/다/리/를/ /펴/서/ /스/트/레/칭/하/고/ 있/다/./)/,/건/조/기/로/ /말/리/는/ /것/도/ /좋/지/만/ /햇/빛/에/ /말/린/다/면/ /더/ /좋/을/ /거/ /같/아/,/먹/구/름/ /위/에/는/ /해/가/ /반/짝/이/며/ /우/리/를/ /기/다/리/고/ /있/겠/지/,/저/번/에/ /물/을/ /급/하/게/ /먹/다/가/ /사/레/들/린/ /적/이/ /있/었/어/./ /더/ /조/심/해/야/겠/어/
27,/목/도/ /좀/ /마/른/ /것/ /같/기/도/ /하/고/././,/정/리/하/기/ /귀/찮/아/ /././해/야/ /하/는/데/,/혼/자/가/ /되/었/다/는/ /것/에/ /이/제/는 /익/숙/해/ /././정/말/이/야/,/1/년/ /내/내/ /비는/ /그/치/지/ /않/을/ /거/라/고/ /생/각/해/ /././아/마/도/,/전/에/ /새/벽/에/ /잠/깐/ /잠/에/서/ /깨/어/난/ /적/이/ /있어/ /,/세/월/은/ /흐/르/는/ /강/물/처/럼/ /절/대/ 멈/추/지/ /않/기/에/ /지/금/이/ /소/중/하/다/고/ /생/각/해/,/(/목/을/ /좌/우/로/ /돌/리/며/ /스/트/레/칭/하/고/ /있/다/./)/,q/신/문/을/ /자/주/ /읽/는/ /편/이/니/?/y/ /읽/어/ / /n/안/ /읽/어/ /a/가/끔/ /신/문/을/ /보/다/ /보/면/ /내/가/ /모/르/는/ /세/상/에/ /대/해/ /궁/금/해/져/b/ /c/어/려/운/ /용/어/와/ /글/자/가/ /많/아/서/ /손/이/ /가/는/ /편/은/ /아/닐/거/야/d,/창/밖/에/ /새/가/ /날/아/가/는/ /소/리/가/ /들/렸/는/데/ /././기/분/ /탓/일/까/ /진/짜/일/까?/,/초/콜/릿/을/ /먹/으/면/ /기/분/이/ /좋/아/져/./ /달/콤/함/은/ /스/트/레/스/ /해/소/에/ /도/움/이/ /되/거/든/
28,여/긴/ /좀/ /추/운/ /거/ /같/아/,/././흐/음 ///////////뭐/하/지/,/예/전/에/ /반/지/하/ /방/에/서/ /살/았/을/ /때/ /비/가/ /너/무/ /많/이/ /와/서/ /물/에/ /잠/긴/ /적/이 /있/어/,q/이/렇/게/ /하/루/하/루/ /살/아/가/는/ /것/이/ /너/랑/ /많/이/ /다/를/까/?/y/ /달/라/ / /n/ /별/로/ / /a/어/떻/게/ /하/루/를/ /지/내/는/지/ /궁/금/하/네/./ /좋/은/ /하/루/이/길/ /바/라/b/ /c/비/슷/하/구/나/./ /그/렇/다/고/ /나/쁘/다/는/ /것/은/ /아/니/야/d,/가/끔/ /내/가/ /꿈/을/ /꾸/고/ /있/는/ /건/지/ /아/닌/ /건지/ /헷/갈/릴/ /때/가/ /있/어/,/항/상/ 필/요/한/ /물/건/을/ /찾/으/려/면/ /보/이/지/ /않/아/ /././근/처/에 /있/으/면/ /좋/을/ /텐/데/,/지/금/ /살/아/가/는/ /이/ /순/간/은/ /다/시/ /돌/아/오/지/ 않/으/니/까/././,/부/엌/을/ /청/소/해/야/ /하/는/ /것/을/ /생/각/은/ /하/는/데/ /몸/이/ /잘 /안/ /따/르/네/,/저/번/에/ /물/을/ /급/하/게/ /먹/다/가/ /사/레/들/린/ /적/이/ 있/었/어/./ /조/심/해/야/겠/어/,/음/././ /예/전/에/는/ /내/가/ /지/금/ /뭐/ /하/고/ /지/냈/는/지/ /기/억/이/ /안/ /나/./ /뭘/ /했/을/까/././
29,/(/가/만/히/ /넋/ /놓/고/ /있/다./)/,/./././비/ /오/네/././ /계/속/././,/오/늘/도/ /내/일/도/ /온/종/일/ /집/에/만/ /있/을/ /예/정/이/야/,/(/무/슨/ /생/각/하/고/ /있/는/지/ /궁/금/해/졌/다/./)/,/요/새/는/ /미/세/먼/지/가/ /너/무/ 심/해/./ /비/가/ /이/렇/게/ /오/는/데/도/ /말/이/야/,/저/번/에/ /말/했/던/ /여/우/비/에/ /대해/ /기/억/나/니/?/ /요/즘/ /다/시/ /보/고/ /싶/은/ /기/분/이/ /들/어/,/언/젠/가/ /햇/빛/에/ /이/불/을/ /말/릴/ /수/ /있으/면/ /좋/겠/어/,/아/무/리/ /그/래/도/ /귀/찮/음/을/ /떨/쳐/내/는/ 것/은/ /어/려/운/ /일/이/야/,/초/콜/릿/을/ /먹/으/면/ /기/분/이/ 좋/아/져/./ /달/콤/함/은/ /스/트/레/스/ /해/소/에/ /도/움/이/ /되/거/든/,q/밥/ /먹/을/ /때/ /채/소/도/ /같/이/ /먹/는/ /편/이/니/?/y/ /먹/어/ / /n/안/ /먹/어/ /a/채/소/는/ /몸/에/ /좋/으/니/까/ /같/이/ /먹/으/면/ /더/ /좋/아/b/ /c/건/강/을/ /위/해/서/라/면/././ /먹/기/ /싫/어/도/ /채/소/를/ /먹/어/야/ /해/d/
30,/지/금/ /몇/ /시/지/,/././심/심/해././ /너/무/나/,/(/눈/이/ /마/주/쳤/지/만/ /바/로/ /피/해/버/렸/다/./)/,/혼/자/가 /익/숙/하/게/ /느/껴/지/면/././ /그/렇/다/면/ /평/생/ /혼/자/여/도 /괜/찮/을/까/,/예/전/에/ /인/형/ /뽑/기/를/ /한/ /적/이/ /있/는/데/ ////////////././돈/만/ /날/리/고/ /못 /뽑/았/어/,/5/살/ /때/ /유/치/원/에/서/ /재/롱/잔/치/를/ /하/다/ /운/ /기/억/이/ /나/././ /모/두/가/ /날/ /보/고/ /있/어/서/ /무/서/웠/나/ 봐/,/마/음/속/의/ /보/슬/비/가/ /맑/은/ /하/늘/을/ /보는/ /그/날/까/지/ /././언/젠/가/는/,/책/상/에/ /먼/지/가/ /있/길/래/ /이/왕 /닦/는/ /거/ /열/심/히/ /닦/았/어/./ /미/루/면/ /언/젠/가/ /해/야 /하/는/ /일/이/ /되/니/까/,/음/././ /예/전/에/는/ /내/가/ /지/금/ /뭐/ /하/고/ /지/냈/는/지/ /기/억/이/ /안/ /나/,/하/기/ /싫/은/ /일/을/ /억/지/로/ /하/다/가/는/ /언/젠/가/ /정/말/ /힘/든/ /기/분/이/ /몰/려/올/ /거/야/
31,/././뭐/하/지/,/좀/ /추/운/ /거/ /같/은/데/ /덮/을/ /거/ /없/나/,/(눈/을/ /감/고/ /있/다/./ /무/언/가/ /생/각/하/는/ /중/인/ /걸/까/),/(/손/가/락/을/ /쳐/다/보/고/ /있/다/./ /꼼/지/락/거리/고/ /있/다/./)/,/반/짝/이/는/ /돌/을/ /주/웠/는/데/ /까/마/귀/가/ /물/어갔/어/,/어/릴/ /때/ /작/은/ /방/에/서/ /옹/기/종/이/ /모/여/ /잤/던/ 기/억/이/ /떠/올/라,/부/엌/을/ /청/소/하/는/ /것/을 /잊/었/어/./ /나/중/에/ /해/야/겠/어/,/안/ /보/이/는/ /것/에/는/ /그/만/큼/ 특/별/한/ /이/유/가/ /있/는/ /것/일/까/,q/수/프/를/ /먹/어/본/ /적/이/ /있/니/?/y/ /있/어/ / /n/ /없/어/ / /a/급/식/시/간/에/ /나/오/던/ /따/뜻/한/ /수/프/에/ /같/이/ /주/던/ /빵/을/ /찍/어/ /먹/은/ /기/억/이/ /나/b/ /c/나/중/에/ /한/번/ /먹/어/봐/./ /모/락/모/락/ /김/이/ /날/ /정/도/로/ /따/뜻/해/d/,/수/면/은/ /사/람/이/ /살/아/가/는/ /데/ /필/요/해/./ /뇌/에/ /휴/식/을/ /줘/야/ /하/니/까/
32,/././쩝/,/././목/이/ /조/금/ /아/파/,/종/이/를/ /가/지/고/ /무/엇/을/ /할/ /수/ /있/을/까/ /././뭔/가/를/ /적/을/까/,/(/배/가/ /고/픈/지/ /배/를/ /쓰/다/듬/고/ /있/다/./)/,/새/장/에/ /갇/힌/ /새/처/럼/ /나/도/ /새/장/에/ /갇/힌/ /기분/이/야/,/언/젠/가/ /햇/빛/에/ /이/불/을/ /말/릴/ /수/ /있/으/면/ /좋/겠/어/,/밤/하/늘/에/ /별/들/을/ /보/며/ /소/원/을/ /빌/고/ /싶/어/,/무/엇/보/다/도/ /사/람/은/ 건/강/이/ /중/요/하/다/고/ /생/각/해/./ /몸/이/ /불/편/하/면/ /힘/드/니/까/,/하/기/ /싫/은/ /일/을/ /억/지/로/ /하/다/가/는/ /언/젠/가/ /정/말/ /힘/든/ /기/분/이/ /몰/려/올/ /거/야/,/창/문/에/ /커/튼/이/ /있/으/니/ /더/ /분/위/기/가/ /있/어/ /보/여/./ /다/양/하/게/ /장/식/해/도/ /좋/아/
33,/(/손/바/닥/을/ /보/고/ /있/다/./)/,/좋/은/ /생/각/을/ /할/ /수/가/ 없/어/,/종/이/접/기/는/ /재/밌/으/면/서/ /뭔/가/ /어/려/워/,/벽/지/가/ /화/사/해/지/면/ /좋/겠/어/ /밝/은/ /톤/으/로/,/따/뜻/했/던/ /나/날/을/ /기/억/한/다/면/ /내/ /마/음/속/의 /비/가/ /그/쳐/질/까/?/,/과/거/의/ /실/수/가/ /있/다/면/ /언/젠/가/ /바/로/ 잡/을/ /수/ /있/는/ /날/이/ /왔/으/면/ /좋/겠/어/,/나/에/게/ /없/는/ /소/중/한/ /것/은 /무/엇/일/까/,q/라/면/에/ /뭔/가/를/ /넣/어/서/ /먹/는/ /편/이/니/?/y/ / /응/ / /n/ /아/니/ / /a/라/면/에/ /떡/을/ /넣/어/서/ /먹/으/면/ /더/ /맛/있/는/ /거/ 같/아/b/ /c/깔/끔/하/게/ /기/본/적/인/ /것/만/ /넣/어/도/ /맛/있/어/d/,/수/면/은/ /사/람/이/ /살/아/가/는 /데/ /필/요/해/./ /뇌/에/ /휴/식/을/ /줘/야/ /하/니/까/,/책/상/에/ /뭔/가/ /있/어/서/ /봤/는/데/ /저/번/에/ /버/리/다/ /만/ /종/이/가/ /있/었/어/./ /바/로/ /치/웠/지/
34,/(/천/장/을/ /바/라/보/고/ /있/다/./)/,/학/창/시/절/에/ /대/한/ /추/억/이/ /그/렇/게/ /좋/게/ /떠/오/르/지/ /않/아/,/언/제/까/지/ /있/을/ /예/정/인/지/는/ /모/르/지/만/ /././음/,벽/에/ /무/언/가/를/ /붙/인/다/면/ /붙/여/져/있/다/면/ /././음/,/요/즘/은/ /비/가/ /언/젠/가/ /그/칠/ /거라/는/ /믿/음/이/ /생/겨/,/만/족/하/지/ /못/하/는/ /삶/이/라/도/ /././그/래/도/,/혼/자/인/ /게/ /편/할/ /때/도/ /있/고/ /함/께/라/서 /좋/은/ /점/도/ /있/는/ /거/ /같/아/,/어/릴/ /때/ /시/골/에/서/ /잠/자/리/채/로/ /벌/레/를/ /잡/으/려/고/ /돌/아/다/닌/ /기/억/이/ /나/,/창/문/에 /커/튼/이/ /있/으/니/ /더/ /분/위/기/가/ /있/어/ /보/여/,/창/문/에/ /비/가/ /두/드/리/는/ /소/리/가/ /나/는/데/ /마/치/ /날/ /부/르/는/ /듯/한/ /느/낌/이/야/
35,(/창/밖/을/ /쳐/다/보/고/ /있/다/./)/,/사/람/이/ /항/상/ /긍/정/적/일/ /수/는/ /없/지/,/창/문/이/ /이/제/는/ /흔/들/리/지/ /않/았/으/면/ /좋/겠/어/,/(왼/쪽/을/ /쳐/다/보/다/가/ /오/른/쪽/을/ /쳐/다/본/다/./)/,/나/의/ /하/루/를/ /살/아/가/는/ /삶/이/ 나/쁘/지/ /않/다/는/ /기/분/이/ /들/어/,/나/도/ /모/르/게/ /빗/소/리/에 /집/중/하/고/ /있/으/면/ /불/안/감/이/ /사/라/져/가/,/비/ /오/는/ /날/에/ /따/뜻/한/ /차/ /한/잔/과/ /함/께/ /하/루/를/ /보/내/고/ /싶/어/,/귀/찮/은/ /것/을/ /다/ /떨/쳐/내/지/는/ 못/하/지/만/ /언/젠/가/ /많/이/ /없/어/질/ /거/라/고/ /생/각/해/,/책/상/에 /뭔/가/ /있/어/서/ /봤/는/데/ /저/번/에/ /버/리/다/ /만/ /종/이/가 /있/었/어/,/맑/은/ /날/에/ /잘/못/ /환/기/하/면/ /미/세/먼/지/가/ /그/대/로/ /집/ /안/으/로/ /들/어/오/니/ /조/심/해/야/ /해/
36,/(/바/닥/에/ /있/는/ /먼/지/를/ /보/고/ /있/다/./)/,/큼././ /감/기/라/도/ /걸/렸/나/././,/밤/에/ /창/문/이/ /세/차/게/ /흔/들/릴/ /때/가/ /있/어/./ /그/때/ /잠/에/서/ 깨/거/든/,/(/인/상을/ /찌/푸/리/다/가/ /이/내/ /표/정/을/ /고/쳐/잡/는/다/./)/,/(/생/각/에/ /잠/긴/ /듯/한 /기/분/이/다/./)/,/산/타/클/로/스/는/ /어/딘/가/에/ /존/재/한/다/고/ /어/릴/ /때/는/ /믿/었/었/는/데 /,/좋/은/ 과/거/는/ /금/방/ /잊/어/ /././그/래/서/ /사/람/은/ /망/각/의/ /생/물/이/라/고/ /하/나/ /보/다/,/전/에/ /사/전/에/서/ /나/비/ /관/련/을/ /봤/는/데/ /정/말/ /다/양/하/더/라/,/창/문/에/ /비/가/ /두/드/리/는/ /소/리/가/ /나/는/데/ 마/치/ /날/ /부/르/는/ /듯/한/ /느/낌/이/야/,/우/산/은/ /네/가/ /없/는/ /날/에/ /가/끔/ /펴/서/ /말/려/./ /그/러/니/ /걱/정/하/지/마/
37,/뭐/라/도/ /해/야/ /하/는/ /걸/까/,/영/양/가/ /있/는/ /음/식/을/ 먹/은/ /지/ /얼/마/나/ /되/었/을/까/,/책/상/에/ /무/엇/을/ /두/는/ /게/ /좋/을/까/,/마/음/속/에/서/ /계/속/ /비/가/ /내/리/는/ /기/분/이/야/ /,q/만/약/ /사/람/이/ /평/생/ /혼/자/라/면/ /잘/못/된/ /것/일/까/?/y/ /그/렇/다/ /n/아/니/다/ / /a/혼/자/만/으/로/ /무/리/가/ /있/을/ /수/ /있/으/니/ /언/젠/가/는/ /함/께/ /다/녀/야/겠/지/b/ /c/요/즘/에/는/ /혼/자/ /사/는/ /사/람/이/ /종/종/ /있/으/니/까/ /단/정/ /지/을/ /수/는/ /없/어/d,/오/래/간/만/에/ /먹/고/ /싶/었/던/ /음/식/을/ /먹/었/는/데/ /정/신/ /차/리/고/ /보/니/ /꿈/이/었/어/ /././아/쉬/워/,/나/쁜/ /과/거/는/ /그/림/자/처/럼/ /달/라/붙/지/././ /쉽/게/ /잊/히/지/ /않/아/,/사/전/에/ /모/르/는/ /정/보/를/ /찾/아/보/는/ /재/미/가/ /있/지./ /아/직/ /모/르/는/ /게/ /많/아/,/이/런/ /날/씨/에/ /잘/못/ /환/기/를/ /시/키/면/ /비/바/람/이/ /그/대/로/ /집/ /안/으/로/ 들/어/오/니/ /조/심/해/야/ /해/,q/(/창/문/을/ /쳐/다/보/고/ /있/다/./)/ /y/같/이/본/다/ /n/안/ /본/다/ /a/너/도/ /창/문/을/ /보/는/ /것/을/ /좋/아/하/는/ /구/나/b/ /c/창/밖/을/ /보/면/ /여/러/ /가/지/를/ /볼/ /수/ /있/어/./ /나/중/에/ /보/렴/d/
38,/정/리/하/기/ /귀/찮/아/,/이/대/로/ /있/으/면/././,/빗/물/이/ 많/이/ /모/이/면/ /좋/은/ /일/이/ /생/길/까/,q/이/러/한/ /삶/에/ /만/족/한/다/는/ /것/이/ /이/상/하/니/?/y/ /이/상/해/ /n/ /아/니/ / /a/././이/상/하/겠/지/만/ /그/래/도/ /괜/찮/다/고/ /생/각/해/b/ /c/이/해/를/ /해/주/는/ /거/라/면/././d,/언/젠/가/ /벽/지/를/ /화/사/하/게/ /꾸/미/는/ /날이/ /올/ /거/야/,/천/둥/이/ /치는/ /날/이/면/ /어/릴/ /때/ /길/가/에/ /미/동/도/ /없/었/던/ /하/얀 /비/둘/기/가/ /떠/올/라/,/어/릴/ /때/ /소/꿉/놀/이하/며/ /같/이/ /놀/았/던/ /아/이/가/ /떠/올/라/,/어/릴/ /때/ /소/꿉/놀/이/하/며 /같/이/ /놀/았/던/ /아/이/가/ /떠/올/라/./ /뭐/ /하/고/ /지/낼/까,/우/산/은/ /네/가/ /없/는/ /날/에/ 가/끔/ /펴/서/ /말/려/./ /걱/정/하/지/마/,/우/산/은/ /아/무/렇/게/ /놓/으/면/ /안/ /돼/./ /우/산/꽂/이/에/ /있/어/야/ /하/지/
39,/(/벌/레/를/ /보/는/ /중/)/,/새/콤/ /달/콤/한/ /과/일/을/ /먹/고/ /싶/어/,/조/용/하/게/ /혼/자/ 있/을/ /때/가/ /좋/은/ /거/ /같/아/,/././내/가/ /힘/든/ 것/이/ /불/평/불/만/을/ /표/현/하/면/ /무/언/가/ /달/라/질/까/?/,/벽/이/ /깔/끔/한/ /편/이/ /좋/다/고/ /생/각/해/ ././아/마/도/,/(/가/전/제/품/을/ /쳐/다/보/고/ /있/다/.)/,q/밥/ /먹/을/ /때/ /채/소/도/ /같/이/ /먹/는 /편/이/니/?/y/ /먹/어/ / /n/안/ /먹/어/ /a/채/소/는/ /몸/에/ /좋/으/니/까/ /같/이/ /먹/으/면/ /더/ /좋/아/b/ /c/건/강/을/ /위/해/서/라/면/././ /먹/기/ /싫/어/도/ /채/소/를/ /먹/어/야/ /해/d/,q/밥/ /먹/을/ /때/ /채/소/도/ /같/이/ /먹/는 /편/이/니/?/y/ /먹/어/ / /n/안/ /먹/어/ /a/채/소/는/ /몸/에/ /좋/으/니/까/ /같/이/ /먹/으/면/ /더/ /좋/아/b/ /c/건/강/을/ /위/해/서/라/면/././ /먹/기/ /싫/어/도/ /채/소/를/ /먹/어/야/ /해/d/,/창/문/이/ /많/이/ /안/정/되/어/서/ /바/람/에/ /흔/들/리/는/ /일/이/ /거/의/ /없/어/졌/어/,/식/물/을/ /키/운/다/는/ /것/은/ /인/내/와/ /정/성/이/지/./ /언/젠/가/ /꼭/ /피/어/나/는/ /것/을/ /아/니/까/
40,/한/ /것/도/ /없/는/데/ /지/치/네/././,/감/기/ /걸/릴/ /거/ /같아/,/혼/자/가/ /익/숙/하/게/ /느/껴/지/면/././ /그/렇/다/면/ /./././,/힘들/어/도/ /이/겨/내/야/만/해/ /././그/래/야/만/ /하/니/까/,/(/왼/쪽/을/ /쳐/다/보/다/가/ /오/른/쪽/을/ /쳐/다/본다/./)/,/(/하/품/하/다/가/ /눈/에/ /맺/힌/ /눈/물/을/ /닦/고/ /있/다/.)/,q/라/면/에/ /뭔/가/를/ /넣/어/서/ /먹/는/ /편/이/니/?/y/ / /응/ / /n/ /아/니/ / /a/라/면/에/ /떡/을/ /넣/어/서/ /먹/으/면/ /더/ /맛/있/는/ /거/ 같/아/b/ /c/깔/끔/하/게/ /기/본/적/인/ /것/만/ /넣/어/도/ /맛/있/어/d/,/안/ /본/ /지/ /오/래/된/ /친/구/들/이/ /가/끔/ /떠/오/를/ /때/가/ /있/어/./ /지/금/처/럼/,/우/산/은/ /아/무/렇/게/ /놓/으/면/ /안/ /돼/./ /우/산/꽂/이/에/ /있/어/야/ /하/지/,/저/번/에/ /통/조/림/을/ /잘/못/ /까/서/ /부/엌/ /여/기/저/기/에/ /음/식/물/이/ /묻/은/ /적/이/ /있/어/./ /조/심/해/야/겠/어/
41,/머/리/가/ /조/금/ /어/지/러/운/ /것/ /같/아/,/(/손/가/락/으/로/ /원/을/ /그/리/고/ /있/다/./)/,/(/손/가/락/을/ /쳐/다/보/고/ 있/다/./ /꼼/지/락/거/리/고/ /있/다/./)/,/나/는/ ./././ /잘/못/된/ /걸/까/?/,/(/표/정/이/ /조/금/ /풀/린/ /것/ /같/다/./)/,/(/손/바/닥/과/ /발/바/닥/을/ /비/교/하/고/ /있/다/./ /생/각/보다/ /작/아/ /보/인/다/./)/,q/눈/을/ /감/고/ /빗/소/리/를/ /차/분/하/게/ /들/어/봐/ /y/ /한/다/ / /n/안/ /한/다/ /a/마/음/이/ /편/해/지/는/ /기/분/이/ /들/지/ 않/니/?/b/ /c/언/제/ /한/번/ /들/어/봐/./ /그/럼/ /마/음/이/ /편/해/질/ /거/야/d/,/밤/에/ /잘/ /잔/ /거/ /같/아./ /머/리/가/ /아/프/거/나/ /어/지/러/운/ /게/ /많/이/ /사/라/졌/어,/식/물/을/ /키/운/다/는/ /것/은/ /인/내/와/ /정/성/이/지./ /언/젠/가/ /꼭/ /피/어/나/는/ /것/을/ /아/니/까/,/항/상/ /조/심/하/면/서/ /행/동/을/ /하/면/ /무/언/가/ /일/어/나/는/ /일/에/ /대/비/할/ /수/ /있/어/서/ /좋/겠/지/
42,(/천/장/에/ /거/미/를/ /보/고/ /있/다/./)/,/(/쳐/다/보니/ /눈/을/ /돌/린/다/./)/,/(/창/밖/을/ /바/라/보/며 /한/숨/을/ /쉬/고/ /있/다/./)/,/(/눈/이/ /조/금/ /부/어/보/인/다/././힘/들/어/ /보/인/다/./)/,/화/면/ 속/에/ /사/람/들/이/ /행/복/한/ /것/처/럼/ /나/도/ /행/복/한/ /날/이 /올/까/,/상/자/를/ /뒤/지/다/가/ /인/형/을/ /찾/았/는/데/ /곰/팡/이/가/ /잔/뜩/ /피/어/서/ /버/렸/어/,/먹/구/름/은/ /크/게/ /나/쁘지/ /않/지/만/ /천/둥/ /치/면/ /조/금/ /무/서/워/,/천/둥/이/ /치/기/ /전/에/ /반/짝/이/면/ /나/도/ /모/르/게/ /긴/장/을/ /해/./ /언/제/ /칠/지/ /모/르/니/까/,/저/번/에/ /통조/림/을/ /잘/못/ /까/서/ /부/엌/ /여/기/저/기/에/ /음/식/물/이/ /묻/은/ /적/이/ /있/어/./ /조/심/해/야/겠/어/,/계/속/ /앉/아/있/으/니/ /몸/이/ /뻐/근/해/./ /이/따/가/ /산/책/하/러/ /가/야/겠/어/
43,/(/한/숨/을/ /쉬/자/ 먼/지/가/ /날/아/간/다/./)/,/시/간/이/ /느/리/게/ /가/는/ /것/ /같/아/,/(/배/가/ /고/픈/지/ /배/를/ /쓰/다/듬/고/ /있/다/./)/,/일/부/러/ /조/용/한/ /곳/으/로/ /이/사/를/ /왔/어/./ /편/해/지/고/ /싶/거/든/,/영/화/를/ /보/러/ /가/기/엔/ /귀/찮/고/ /돈/도/ /들/어/서 /가/고/ /싶/은/ /마/음/은/././,/밤/하/늘/에/ 별/을/ /본/ /지/가/ //////////////././기/억/이/ /나/질/ /않/아/,/(/방/구/석/을/ 한/참/ /쳐/다/보/다/가/ /창/문/을/ /바/라/본/다/./)/,/(/머/리/를/ /가/볍/게/ 움/직/이/고/ /있/다/./ /정/리/를/ /하/고/ /있/는/ /거/ /같/다/./),/항/상/ /조/심/하/면/서/ 행/동/을/ /하/면/ /무/언/가/ /일/어/나/는/ /일/에/ /대/비/할/ /수/ 있/어/서/ /좋/겠/지/,/길/을/ /지/나/가/다/ /듣/기/ /좋/은/ /음/악/을/ /들/었/던/ /적/이/ /있/어/./ /제/목/이/ /뭔/지/ /궁/금/해/
44,/(/눈/을/ /감/고/ /있/다/./)/,/(/별/다/른/ /관/심/이/ /없/어/ /보/인/다/./)/,/언/젠/가/ /벽/지/가/ /깨/끗/해/지/는/ /날/이 /올/까/,/사/람/들/은/ /무/엇/을/ 하/며/ /살/고/ /있/을/까/ /나/처/럼/ /사/는/ /사/람/들/이/ /있/을/지 /궁/금/해/,/노/래/를/ /들/으/면/ /기/분/이/ 좋/아/져/ /너/도/ /꼭/ /해/봐/,/명/상/하/기/ 좋/은/ /날/이/야/ /.///////////////././너/도/ /눈/을/ /감/고/ /명/상/해/봐/,/귀/찮/은/ /것을/ /아/직/ /다/ /떨/쳐/내/지/는/ /못/하/지/만/ /././지/금/보/단/,/창/밖/에/서/ /가/끔/ /고/양/이/ /소/리/를/ /들/을/ /때/가/ /있/어./ /이/ /근/처/를/ /지/나/가/는/ /걸/까/,/나/는/ /이/제/ /조/금/은/ /행/복/한/ /삶/을/ 살/고/ /있/다/고/ /생/각/해/./ /완/벽/한/ /삶/은/ /아/니/어/도/ /상/관/없/지/,/신/나/는/ /노/래/를/ /들/으/면/ /나/도/ /모/르/게/ /어/깨/가/ /들/썩/거/려/ /././춤/까/지/ /추/기/에/는/ /큼/././
45,/(/먼/지/를/ /터/는/ /중/)/,/이/렇/게/라/도 /하/면/ /뭔/가/ /달/라/지/는/ /걸/까/,/조/용/한/ /곳/에/서/ /조/용/히/ /쉬/는/ /것/도/ /좋/을/ /거/라/고/ /생/각/해/,q/이/렇/게/라/도/ /달/라/진/다/면/ /././무/슨/ /일/이/ /생/길/까/?/y/ / /응/ / /n/ /아/니/ / /a/그/런/가/./ /하/다/ /보/면/ /알/게/ /되/겠/지/b/ /c/그/렇/다/면/ /의/미/ /없/는/ /시/간/을/ /보/내/는/ /걸/까/d,/사/람/들/은/ /틀/리/다/고/ /말/하/지/만/ /답/은/ /정/해/져/ /있/지/ /않/은/데/././,/거/울 /속/의/ /나/를/ /보/면/ ////////////////././생/각/을/ /해/볼/ /필/요/가/ /있/어,거/울/에/ /비/친/ /내/ /모/습/을/ /피/해/서/는/ /안/ /돼/./ /똑/바/로/ /바/라/보/는/ /연/습/을/ /해/야/겠/어/,q/내/ /첫/인/상/과/ /지/금/ /인/상/이/ /얼/마/나/ /달/라/졌/을/까/ /././궁/금/하/기/도/ /하/고/y/ /많/이/ / /n/ /조/금/ / /a/많/이/ /바/뀌/었/다/니/ /예/전/에/는/ /어/떤/ /모/습/으/로/ /보/였/을/지/././b/ /c/적/어/도/ /안/ /바/뀐/ /것/은/ /아/니/구/나/ /././음/d/,/길/을/ /지/나/가/다/ /듣/기/ /좋/은/ /음/악/을/ /들/었/던 /적/이/ /있/어/./ /제/목/이/ /뭔/지/ /궁/금/해/,/영/어/를/ /배/우/려/고/ /사/전/을/ /폈/는/데/ /모/르/는/ /단/어/가/ /많/아/서/ /다/시/ /덮/었/어/
46,/방/이/ /흠/././,/내/가/ /이/러/고/ /있/는/ 동/안/에/도/ /시/간/은/ /계/속/ /흘/러/가/는/구/나/,/잔/잔/한/ /음/악/을/ /듣/는/다/면/ /내/ /마/음이/ /편/해/질/까/,/가/끔/ /T/V/를/ /보/면/ /거/기/에/ /나/오/는/ /사/람/들/은/ 행/복/해/ /보/여/,/누/군/가/에/게/ /표/현/한/다/면/ /내/ /마/음/이/ /조/금/이/라/도/ /편/해/질/까/,/이/런/ /날/씨/에/는/ /선/크/림/도/ /필/요/ /없/겠/지/만/ /언/젠/가 /필/요/하/겠/지/,/배/고/프/면/ /음/식/을/ 먹/어/야/지/./ /목/이/ /마/르/면/ /물/을/ /마/시/듯/이/,/생/각/해/서/ /말/을/ /한/다/는/ /것/은/ /어/려/운/ /일/이/야/./ 앞/으/로/도/ /그/렇/고/,/신/나/는/ /노/래를/ /들/으/면/ /나/도/ /모/르/게/ /어/깨/가/ /들/썩/거/려/ /././춤/까/지/ /추/기/에/는/ /큼/././,/높/은/ /곳/과/ /낮/은/ /곳/은/ /언/제/나/ /차/이/가/ /있/는/ /법/이/야/
47,/(/손/을/ /비/비/고/ /있다/./)/,/배/터/리/는/ /충/분/하/니/?/,/(/왼/쪽/을/ /쳐/다/보/다/가/ /오/른/쪽/을/ /쳐/다/본/다/./)/,/여/기/에/는/ /보/일/러/가/ /없/어/서/ /물/이/ /차가/워/,/달/라/지는/ /날/이/ /온/다/면/ /나/에/게/ /변/하/는/ /무/언/가/ /생/길/ /거/야/,/T/V/ /속/의/ /사/람/들/처/럼/ /나/에/게/도/ /언/젠/가/ /행/복/이/ /찾/아/오/겠/지/,/밤/에/ /산/책/하/러/ /나/가/면/ /같/은/ /장/소/라/도/ /낮/과/는/ /다/른/ /매/력/을/ /가/지/고/ /있/어/,/요/즘/ /사/람/들/이/ /얼/굴/을/ /마/주/ /보/며/ /대/화/하/는/ /시/간/이/ /얼/마/나/ /될/까/,/영/어/를/ /배/우/려/고/ /사/전/을/ 폈/는/데/ /모/르/는/ /단/어/가/ /많/아/서/ /다/시/ /덮/었/어/,/(/주/먹/을/ /쥐/었/다/가/ /피/고/ /있/다/./ /손/가/락/을/ /풀/고/ /있/다/./)/
48,/앗/ /차/가/워/././ /위/에/서/ /물/방/울/이/././,/뭐/라/도/ /해/야/ /하/는/ /걸/까/,/(/인/상/을/ /찌/푸/리/다/가/ /이/내/ /표/정/을/ /고/쳐/잡/는/다/./)/,/물/이/ /차/가/운/ /것/에/ /대/해/ /아/직/ /익/숙/해/지/지/ /않/았/어/ ,/사/다/리/를/ /타/다/가/ /새/끼/발/가/락/을/ /찍/혀/서/ /혼/났/어/ ././정/말/ /아/팠/어/,/어/릴/ /때/ /눈/이/ /무/릎/까/지 /쌓/일/ /만/큼/ /온/ /적/이/ /있/었/어/./ /재/밌/게/ /놀/았/었/지,/행/복/한/ /꿈/을/ /꾸/는/ /빈/도/가/ /더/ 늘/어/나/는/ /거/ /같/아/./ /좋/은/ /징/조/인/ /걸/까/,/시/야/를/ /넓/힌/다는/ /것/은/ /어/렵/고/ /힘/든/ /일/이/야/,/더/ /높/은/ /곳/을/ /쳐/다/보/고/ /싶/어/./ /더/ /높/이/,/(/작/게/ /하/품/하/다/가/ /눈/이/ /마/주/치/자/ /눈/웃/음/을/ /친/다/./)/
49,/바/닥/이/ /축/축/한/ /기/분/이/야/,/신/발/이/ /하/나/밖/에/ /없/어/,/마/음/속/에/서/ /계/속/ /비/가/ /내/리/는/ /기/분/이/야/ /,/영/화/를/ /안/ /본/ /지/ /오/래/되/었/어/ ././언/제/였/는/지/ /기/억/이/,/좋/아/하/는/ /옷/에/ /구/멍/이/ /나/면/ /안/타/깝/더/라/ /../어/쩔/ /수/ /없/지/,/어/릴/ /때/ /시/골/에/서/ /밤/하/늘/을/ /쳐/다/봤/는/데/ /은/하/수/를/ /봤/었/어/ /////////////././물/론/ /그/ /뒤/로/ /본/ /적/은/ /없/지/,q/(어/딘/가/에/서/ /시/선/이/ /느/껴/진/다/./)/ /y/쳐/다/본/다/ /n/무/시/한/다/ /a/(/시/선/이/ /느/껴/져/ /쳐/다/봤/다/./ /나/를/ /보/고 /있/다/./)/b/ /c/(/느/껴/지/는/ /시/선/이/ /이/내/ /사/라/졌/다./)/d/,/아/이/들/을/ /보/면/ /언/제/나/ /즐/거/워/ /보/여/./ /부/러/운/ /부/분/이/야/,/(/주/먹/을/ 쥐/었/다/가/ /피/고/ /있/다/./ /손/가/락/을/ /풀/고/ /있/다/./)/,/세/상/에/ /의/미/ /없/는/ /것/은/ /없/어/./ /자/세/히/ /들/여/다/보/면/ /의/미/가/ /있/을/ /수/ /있/으/니/까/
50,/시/간/이/ /느/리/게/ /가/는/ /것/ /같아/,/밥/은/ /거/의/ /사/ /먹/는/ /편/이/야/,/3/6/5/일/ /1/년/ /내/내/ /비/는/ /그/치/지/ /않/을/ /거/야/,/전/에/ /잃/어/버/렸/던/ /물/건/이/ 여/기/ /어/딘/가/ /있/었/는/데/././,/강/아/지/풀/의/ /촉/감/은/ /부/들/부/들/해/. /가/지/고/ /놀/면/ /좀/ /재/밌/어/,/너/무/ /걱/정/만/ /하/는/ /것/도/ /좋/지/ /않/다/는/ /걸/ /깨/달/았/어,/표/현/은 /서/툴/지/만/ /조/금/씩/ /연/습/해/서/ /표/현/한/다/면/././,/이/불/은/ /언/제/나/ /푹/신/해/서/ /좋/아/./ /집/처/럼/ /아/늑/하/고/ /좋/지/,(/작/게/ /하/품/하/다/가/ /눈/이/ /마/주/쳤/다/./)/,/저/쪽/에/ /뭔/가/ /지/나/간/ /거/ /같/은/데/ /././음/ /잘/못/봤/을/ /거/야/
51,/바/닥/이/ /깨/끗/하/진/ /않/구/나/,/(/눈/을/ /감/고/ /있/다/./)/,/나/는/ /이/렇/게/ /하/루/하/루/ /살/고/ /있/지/ /././너/는/ 어/떻/게/ /사/는/지/ /모/르/겠/지/만/,/찾/으/려/고/ /하/는/ /물/건/을 /어/디/에/ /두/었/는/지/ /기/억/이/ /안/ /나/,/세/차/게/ /부/는/ /비/바/람/ 말/고/ /잔/잔/하/고/ /시/원/한/ /바/람/을/ /원/해/,/병/원/에/ /가/는/ /목/적/이/ /어/떻/든/ /가/는/ /것/은/ /항/상/ 두/려/워/,/예/전/에/는/ /정/말/ /아/무/것/도/ /하/기/ /싫/었/는/데/ /././정/말/,/밖/에/서/ /이/것/저/것/ /경/험/을/ /하/니/까/ /기/분/이/ /좋/은/ /거/ 같/아/,/의/미/없/는/ 하/루/를/ /보/내/도/ /나/쁘/지/ /않/다/고/ /생/각/해/,/(/손/을/ /보/고/ /있/다/./)/ /생/각/해/봤/는/데/ /나/는/ /손/이/ /작/은/ /편/인/ /거/ /같/아/./ /불/편/하/지/는/ /않/아/
52,/(/무/언/가/ /들/렸/지/만/ /알/아/듣/지/ /못/했/다/./)/,/나/를/ /좀/ /내/버/려/ /뒀/으/면/ /좋/겠/어/,/따/뜻/했/던/ /나/날/을/ /그/리/워/ /하/지/ /않/아/ /././기/억/나/지/ /않/거/든/,/사/람/들/은/ /인/생을/ /꽃/길/만/ /걸/으/라/는/데/ /나/에/게/는/ /있/을/ /수/ /없/는/ 일/이/야/,/인/생/에/ /찬/란/한/ /빛/이/ /들/ /날/이/ /언/젠/가/는/ /오/긴/ /할/까/?/,/환/기/를/ /자/주/ /시/켜/줘/야/겠/어/ /././목/이/ /안/ 좋/아/,/(작/게/ /헛/기/침/을/ /했/다/./ /내/ /눈/치/를/ /보/는/ /거/ /같/다./)/,/거/리/의/ /사/람/들/을/ /보/면/ /다/들/ /무/엇/을/ /생/각/하/는/지/ /궁/금/해/,q/저/쪽/에/ /뭔/가/ /지/나/간/ /거/ /같/은/데/ /(/생/각/에/ /잠/겨/있/다/./)/y/ /봤/다/ / /n/못/ /봤/다/ /a/뭔/지/ /나/중/에/ /확/인/해/줘/./ /나/는/ /././음/b/ /c/별/거/ /아/닐/ /거/라/고/ /생/각/해/ /././아/마/도/d/,/많/으/면/ /많/을/수/록/ /좋/다/는/데/ /기/준/이/ /무/엇/인/가/에/ /따/라/서/ /달/라/져/
53,/졸/리/지/만/ /자/고/ /싶/지/ /않/아/,/하/염/없/이/ /흘/러/가/는/ /시/간/././,/지/금/ /이/렇/게 /사/는/ /것/에/ /만/족/하/고/ /있/어/ /././그/ /이/상/은/ /뭐/,/인/형/은/ /예/전/에/ /버/렸/어/ /둘/ /곳/이/ /없/었/거/든,/거/울/ 속/에/ /비/친/ /나/의/ /모/습/을/ /보/면/ /묘/한/ /기/분/이/ /느/껴/져/,/비/가/ /꼭/ /나/쁘/다/는/ /법/은/ /없/는/ /거/ /같/아/,/먹/구/름/이/ /개/듯/이/ /내/ /인/생/의/ /먹/구/름/도/ /언/젠/가/ /개/는/ /날/이/ /찾/아/올/ /거/라/ /믿/어/,/눈/을/ /마/주/ /보/며/ /대/화/를/ /한/다/는/ /것은/ /기/본/이/지/만/ /쉽/지/ /않/지/,/(손/을/ /보/고/ /있/다/./)/ /생/각/해/봤/는/데/ /나/는/ /손/이/ /작/은/ /편/인/ /거/ /같/아/,/창/밖/에/ /새/가/ /날/아/가/는/ /소/리/가/ /들/렸/는/데/ /././기/분/ /탓/일/까/ /진/짜/일/까/?/
54,힘/이/ /없/을/ /때/는/ /뭐/하/지/,/뭔/가/ /할/ /말/이/라/도/ /있니/?/,나/보/다/ /힘/든/ /사/람/도/ /있/는/데/ /내/가/ /불/평/하/면/ /뭐/가 /달/라/지/겠/어/,/누/가/ /나/의/ /삶/을/ /대/신/ /살/아/ /줬/으/면/ /좋/겠/어/ /../정/말/,/저/번/에/ /스/티/커/를/ /붙/이/다/가/ /실/수/로/ /반/으/로/ /접/어/버/렸/어/ /././아/깝/게/ /버/렸/지/,q/(/무/엇/을/ /하/고/ /있/는/지/ /물/어/볼/까/?/)/y/물/어/본/다/ /n/관/둔/다/ / /a/././?/ /그/냥/ /숨/을/ /쉬/고/ /있/어/./ /숨/쉬/기/ /운/동/b/ /c/(/조/용/히/ /숨/을/ /쉬/고/ /있/다/./)/d,q/반/딧/불/이/를/ /본/ /적/이/ /있/니/?/y/ /있/어/ / /n/ /없/어/ / /a그/렇/구/나/./ /책/에/서/ /본/ /것/처/럼/ /정/말/ /밝/을/까/ /궁/금/해/b/ /c/나/도/ /반/딧/불/이/를/ /본/ /적/이/ /없/어/./ /엄/청/ 옛/날/에/는/ /존/재/했/다/는/데/d/,/어/릴/ /때/ /본/ /만/화/에/서 /주/인/공/은/ /시/련/을/ /이/겨/내/고/ /목/적/을/ /달/성/하/지/ /../나/도/ /언/젠/가/는/,/많/으/면/ /많/을/수/록/ /좋/다/는/데/ /기/준/이/ /무/엇/인/가/에/ /따/라/서/ /달/라/져/,q/신/문/을/ /자/주/ /읽/는/ /편/이/니/?/y/ /읽/어/ / /n/안/ /읽/어/ /a/신/문/에/는/ /다/양/한/ /정/보/가/ /담/겨/있/어/서/ /좋/아/./ /종/이/에/ /담/긴/ /냄/새/도/ /뭔/가/ /좋/고/b/ /c/어/려/운/ /용/어/와/ /글/자/가/ /많/아/서/ /손/이/ /가/는/ /편/은/ /아/닐/거/야/d/
55,/그/냥/ /쉬/고/ /싶/어/,/사/는/ /게/ /지/루/하/고/ /재/미/없/어/./ /늘/ /그/런/ /거 /같/아/,/힘/들/어/도/ /이/겨/내/라/고/ /주/변/에/서/ /말/하/지/ /././내/가/ /잘/못/된/거/고/ /고/치/면/ /된/다/고/,q/삶/을/ /대/신/할/만/한/ /것/은/ /없/는/ /걸/까/y/ /있/어/ / /n/ /없/어/ / /a/무/엇/인/지/ /궁/금/하/네/./ /한/번/ /찾/아/볼/ /수/ /있/으/면/ /찾/아/보/고/ /싶/어/b/ /c/그/렇/겠/지/./ /삶/을/ /대/신/ /할/ /것/은/ /없/을/거/야/ /././그/러/니/까/d,q/보/조/ /바/퀴/ /없/이/ /두/발/ /자/전/거/를/ /탈/ /수/ /있/니/?/y/ /있/어/ / /n/ /없/어/ / /a/나/는/ /자/전/거/를/ /그/렇/게/ /잘/ /타/는/ /편/은/ /아/니/라/ /언/젠/가/ /잘/ /타/고/ /싶/어/b/ /c/나/랑/ /같/구/나/./ /언/젠/가/ /노/력/하/면/ /잘/ /탈/ /수/ /있/을/ /거/야/d,/(/위/를/ /쳐/다/봤/다/가/ 다/시/ /아/래/를/ /내/려/다/봤/다/./)/,/아/직/도/ /내/가/ /읽/기/에/ /어/려/운/ /책/들/이/ /많/아/ /././열/심/히 /봐/야/겠/어/,/대/중/교/통/ /속/에/서/ /사/람/들/은/ /언/제나/ /작/은/ /화/면/만/ /쳐/다/보/고/ /있/지/,/열/대/ /과/일/로/ /만/든/ /주/스/가/ /달/콤/하/다/던/데/ /언/제/ /한/번/ /마/셔/보/고/ /싶/어/,/같/은/ /말/을/ /듣/더/라/도/ /다/시/ /들/으/면/ /다/른/ /느/낌/이/ /들/ /때/가/ /있/어/./ /지/금/도/ /그/렇/고/
56,,/벽/지/에/서/ /퀘/퀘/한/ /냄/새/가/ /나/는/ /거/ /같/아/,/나/는/ /잘/못/한/ /것/이/ /있/지/만/ /잘/못/한/ /것/이/ /없/다/고/ /할/ /수/ 있/어/,/길/ /가/다/가/ /껌/을/ /밟/으/면/ /기/분/이/ /정/말/ /안/ /좋/아/,/해/가/ /떴/는/데/ /비/가/ /오/는/ /것/을/ /여/우/비/라/고/ /해/./ /어/릴/ /때/ /본/ /적/이/ /있/어/서/ /기/억/하/고/ /있/지/,/비/행/기/를/ /타/면/ /하/늘 /위/에/서/ /구/름/을/ /내/려/다/볼/ /수/ /있/겠/지/,/(/무/언/가/를/ /할/까/ /말/까/ /망/설/이/고/ /있/다./)/,/빌/딩/ /숲/에/는/ /얼마/나/ /많/은/ /사/람/이/ /존/재/할/까/ /궁/금/해/,/신/문/에/는/ /다/양/한/ /정/보/가/ /담/겨/있/어/서/ /좋/아/./ 종/이/ /냄/새/도/ /뭔/가/ /좋/고/,/혹/시/ /비/를/ /내/리/게/ /하/는/ /요/정/이/ /존/재/할/까/ /././상/상/을/ /한/번/ /해/봤/어/
57,,(/자/세/를/ /둥/글/게/ /움/추/리/고/ /있/다/./)/,/(/눈/ /밑/에/ /다/크/서/클/이/ /얼/핏/ /보/인/다/ /././피/곤/해/ /보/인/다/./)/,/바/닥/이 /살/짝/ /기/울/어/져/ /있/는/ /거/ /같/은/데/ /././기/분/탓/인/가,/구/름/을/ 보/면/ /그/ /위/를/ /걸/을/ /수/ /있/을/ /거/ /같/은/데/ /실/제/로 /그/럴/ /수/ /없/지/ /,q/하/늘/ /위/를/ /새/처/럼/ /날/아/다/니/면/ /무/슨/ /기/분/이/ /들/까/?/y/좋/은/기/분/ /n/나/쁜/기/분/ /a/자/유/롭/게/ /날/아/다/니/는/ /거/니/까/ /기/분/이/ /좋/을/지/도/ /모/르/겠/네/b/ /c/완/벽/한/ /새/가/ /아/니/니/까/ /어/떤/ /일/이/ /벌/어/질/지/ /모/를/ /거/야/d,/밖/에/ /나/가/면/ /더/ /다/양/한/ /물/건/을/ /살/ /수/ /있/어/서/ /좋/아/,/평/화/로/운/ /나/날/을/ /보/내/면/ /좋/겠/어/./ /근/심/ /걱/정/ /없/이/ /평/화/롭/게,/같/은/ /말/을/ /듣/더/라/도/ /다/시/ /들/으/면/ /다/른/ /느/낌/이/ /들/ /때/가/ /있/어/,/././맞/아/ /지/금/ /이/러/고/ /있/을/ /때/가/ /아/니/지/ /움/직/여/야/겠/어/
58,,/(/어/색/한/ /분/위/기/가/ /흐/르/고/ /있/다/./)/,/(/눈/이/ /조/금/ /부/어/보/인/다/././),/푹/신/한/ /바/닥/에/서/ /지/내/고/ /싶/어/,q/하/늘/ /위/를/ /새/처/럼/ /날/아/다/니/면/ /무/슨/ /기/분/이/ /들/까/?/y/좋/은/기/분/ /n/나/쁜/기/분/ /a/자/유/롭/게/ /날/아/다/니/는/ /거/니/까/ /기/분/이/ /좋/을/지/도/ /모/르/겠/네/b/ /c/완/벽/한/ /새/가/ /아/니/니/까/ /잘/ /모/르/겠/네/d,/소/나/기의/ /구/름/ /색/은/ /왜/ /까/맣/게/ /물/들/었/을/까/,/집/에/서/만/ /할/ /수/ /있/다/는/ /것/에/는/ /제/한이/ /큰/ /거/ /같/아/./ /밖/에/서/도/ /한/다/면/ /더/ /배/가/ /되/겠/지/,/나/는/ /이/제/ /달/라/졌/다/고/ /생/각/했/는/데/ /아/직/ /옛/날/ 버/릇/이/ /남/아/있/어/,/혹/시/ /비/를/ /내/리/게/ /하/는/ /요/정/이/ /존/재/할/까/ /././상/상/이/야/,/피/곤/하/면/ /무/엇/을/ /하/든/ /귀/찮/아/져/ /././이/겨/내/야/겠/지/
59,,/세/상/은/ /거/의/ /회/색/빛/이/야./ /비/가/ /내/리/고/ /있/으/니/까/,/요/즘/ /사/람/들/은/ /무/엇/을/ /하/며/ /살/고/ /있/을/까/ /./.궁/금/해/,/이/불/ /속/은/ /또/ 다/른/ /집/처/럼/ /너/무/ /푹/신/하/고/ /포/근/해/,/소/나/기/의/ /구/름/ /색/은/ /왜/ /까맣/게/ /물/ /들/었/을/까/,/일/이/ /몰/려 /있/을/ /때/는/ /잠/시/ /쉬/면/서/ /머/리/를/ /식/히/는/ /편/이/ 좋/아/,/코/코/넛/ /열/매/로/ /만/든/ /주/스/가/ /달/콤/하/다/던/데/ 언/제/ /한/번/ /마/셔/보/고/ /싶/어/,/어/쩔/ /수/ /없/지/ /라/는/ /말/을/ /하/기 /전/에/ /생/각/하/거/나/ /고/치/면/ /././음/,././맞/아/ /지/금/ /이/러/고/ /있/을/ /때/가/ /아/니/지/ /움/직/여/야/겠/어/,/평/화/로/운/ /나/날/을/ /보/내/면/ /좋/겠/어/./ /근/심/ /걱/정/ /없/이/ /평/화/롭/게/ /././물/론/ /쉽/지/는/ /않/지/만/
60,,/지/금/이/ /즐/겁/다/면/ /지/금/보/다/ /시/간/이/ /빨/리/ /더/ /가/겠/지/,/얼/마/나/ /남/았/을/까/ /././오/늘/ /하/루/ /말/이/야/,/종/이/로/ /무/언/가/를/ /만/든/다/는/ /것/은/ /어/려/운/ /일/이/야/,/일/이/ /몰/려/ /있/을/ /때/는/ /잠/시/ /쉬/면/서/ /머/리/를/ /식/히/는/ /편/이/ /좋/아/,/세/월/이/ /멈/춰/버/리/면/ /우/리/들/은/ /어/떻/게/ /될/까/ ././상/상/이/ /안/ /가/,/(/창/문/을/ /쳐/다/봤/다/./) /너/도/ /창/문/ /보/는/ /거/ /좋/아/하/는/구/나/,/(/조/용/히/ /같/이 /창/문/을/ /쳐/다/보/고/ /있/다/././ /고/요/함/만/이/ /남/아/ /있/다/./)/,/피/곤/하/면/ /무/엇/을/ /하/든/ /귀/찮/아/져/ /././이/겨내/야/겠/지/,/나/는/ /이/제/ /달/라/졌/다/고/ /생/각/했/는/데/ /아/직/ /옛/날/ /버/릇/이/ /남/아/있/어/
61,,,저/녁/노/을/을/ /본/다/고/ /해/도/ /딱/히/ /아/무/ /생/각/이/ /없/어,/천/장/에/서/ /먼/지/가/ /떨/어/지/는/ /기/분/인/데/ /청/소/를/ /해/야/ /하/나/,/바/쁘/게/ /살/아/가/고 /있/지/만/ /가/끔/은/ /쉬/는/ /편/도/ /좋/을/ /거/ /같/아/,/추/억/은/ /점/점/ /사/라/져/가/ /고/인/ 빗/물/이/ /마/르/는/ /것/처/럼/ /././그/리/움/도/ /희/미/해/져/가/,/비/가/ /항/상/ 나/쁘/다/는/ /법/은/ /없/어/./ /어/딘/가/에/ /생/명/을/ /주/는/ /일/이/니/까/,/지/금/ /다/시/ /생/각/해/보/면/ /아/직/도/ /네/가/ /있/다/는/ /것/이/ /음/././,/평/화/로/운/ /나/날/을/ /보/내/면/ /좋/겠/어/./ /근/심 /걱/정/ /없/이/ /평/화/롭/게/,/오/래/간/만/에/ /기/분/ /좋/은/ /아/침/을/ /보/냈/어/./ /내/일/도/ /그/랬/으/면/ /좋/겠/어/
62,,,/밤/이/ /되/면/ /빗/소/리/만/ /들/려/올/ /뿐/././ /정/말/ /고/요/한/ /밤/이/야/,/여/기/에/ /거/울/이/ /없/어/서/ /뭔/가/ /아/쉬/운/ /기/분/이/야/,/세/월은/ /흐/르/는/ /강/물/처/럼/ /절/대/ /멈/추/지/ /않/아/,그/때/ /그/ /시/절/을/ /기/억/하/면/ /좋/으/면/서/도/ /뭔/가/ /슬/퍼/,/무/언/가/를/ /용/기/ /내/서/ /행/동/하/는/ /것/은/ /힘/든 /일/이/야/,q/커/피/를/ /마/신/다/면/ /집/에/서/ /마/실/까/ /밖/에/서/ /마/실/까/y/ /집/에/서/ /n/ /밖/에/서/ /a/간/단/하/게/ /뜨/거/운/ /물/을/ /부/어/서/ /마/시/면/ /집/안/ /가/득/ /향/기/나/서/ /좋/지/b/ /c/카/페/에/서/ /여/유/롭/게/ /커/피/를/ /마/셔/보/고/ /싶/어/./ /커/피/ /향/이/ /좋/으/니/까/d/,/나/는/ /이/제/ /달/라/졌/다/고/ /생/각/했/는/데/ /아/직/ /옛/날/ /버/릇/이/ /남/아/있/어/,/배/고/플/ /때/ /잠/을/ /자/면/ /까/먹/지/만/ /잠/들/기/가/ /어/려/워/
63,,,/일/부/러/ /조/용/한/ /곳/으/로/ /이/사/를/ /왔/어/,/거/울/ 속/에/ /비/친/ /나/의/ /모/습/을/ /볼/때/면/ /././음/,/추/억/은/ 잊/혀/ /가/는/ /데/ /그/리/워/져/ /가/는/ /건/ /어/쩔/ /수/ /없/나 /봐/,q/정/리/는/ /깔/끔/하/게/ /자/주/ /하/는/ /편/이/니/?/y/ / /해/ / /n/안/ /해/ / /a/좋/은/ /습/관/이/라/고/ /생/각/해/./ /너/저/분/한/ /것/보/다/ /좋/으/니/까/b/ /c/나/도/././ /저/번/에/ /정/리/정/돈/을/ /한/다/고/ /했/는/데/ /아/직/ /덜/ /했/어/d,/누/군/가/가/ /나/를/ /싫/어/한/다/면/ /나/는/ /어/떻/게 /해/야/ /할/까/./ /아/무/리/ /생/각/해/도/ /어/려/워/,/즐/거/움/과/ /슬/픔은/ /어/쩔/ /수/ /없/이/ /함/께/ /공/존/하/는/ /건/ /피/할/ /수/ 없/나/ /봐/,/오/래/간/만/에 /기/분/ /좋/은/ /아/침/을/ /보/냈/어/./ /내/일/도/ /그/랬/으/면/ 좋/겠/어/,/과/자/를/ /많/이/ /먹/고/ /싶/지/만/ /그/렇/다/간/ /건/강/에/ /안/ /좋/을/ /거/야/./ /적/당/히/ /먹/어/야/지/
64,,,마/음/이/ /편/해/지/는/ /날/이/ /오/면/ /좋/겠/어/,/머/리/를/ 쓰/는/ /일/은/ /어/려/운/ /법/이/야/ /././언/제/나/,/이/제/ /그/때/ /그/ /시/절/이/ /어/렴/풋/이/ /기/억/이/ /나,/영/화/를/ /언/제/ /봤/는/지/ /기/억/이/ /안/ /나/지/만/ /언/젠/가/ /보러/ /가/겠/어/,/내/가/ /만약/ /새/가/ /된/다/면/ /온/ /세/상/을/ /여/행/하/고/ /싶/어/,/점/점/ /나/는/ /지/쳐/가/지/만/ /그/래/도/ /이/겨/내/려/고/ /노/력/하/고/ /있/어/,/햄/버/거/는/ /불/고/기/만/ /있/는/ /줄/ /알/았/는/데/ /닭/고/기/도/ /있/고/ /새/우/도/ /있/더/라/,/어/릴/ /때/는/ /비/가/ /오/는/ /날/에/ /물/웅/덩/이/가/ /고/여/있/는/ /여/기/저/기/를/ /뛰/어/다/니/며/ /놀/았/던/ /기/억/이/ /나/
65,,,q/이/렇/게/라/도/ /달/라/진/다/면/ /././무/슨/ /일/이/ /생/길/까/?/y/ / /응/ / /n/ /아/니/ / /a/그/런/가/./ /하/다/ /보/면/ /알/게/ /되/겠/지/b/ /c/그/렇/다/면/ /의/미/ /없/는/ /시/간/을/ /보/내/는/ /걸/까/d,/스/티/커/를/ 붙/이/다/가/ /실/수/한/ /적/이/ /있/어/,/옷/을/ /제/대/로/ /정/리/를/ /하/지/ /않/아/서/ /다/ /꾸/겨/졌/어 /././으/,/요/즘/에/는/ /어/떤/ /영/화/가/ /개/봉/했/는/지/ /모/르/겠/어,/환/기/를/ /자/주/ /시/켜/주/니/까/ /목/이/ /좀/ /괜/찮/아/진/ /거/ /같/아,/허/리/가/ /아/프/면/ /좀/ /많/이/ /불/편/한/ /거/ /같/아/ /././열/심/히/ /운/동/해/야/겠/어/,/과/자/를/ /많/이/ /먹/고/ 싶/지/만/ /그/렇/다/간/ /건/강/에/ /안/ /좋/을/ /거/야/,/옛/날/ /사/람/들/은/ /불/빛/이/ /없/을/ /때/ /반/딧/불/이/를/ /모/아/서/ /집/ /안/에/ /붉/을/ /밝/혔/다/는/데/ /././진/짜/일/까/?/
66,,,/잠/에/ /빨/리/ 드/는/ /건/ /정/말/ /힘/든/ /일/이/야/,/안/ /좋/은/ /꿈/은/ /꾸/고 /싶/지/ /않/아/./ /너/도/ /그/렇/겠/지/,q/정/리/는/ /깔/끔/하/게/ /자/주/ /하/는/ /편/이/니/?/y/ / /해/ / /n/안/ /해/ / /a/좋/은/ /습/관/이/라/고/ /생/각/해/./ /너/저/분/한/ /것/보/다/ /좋/으/니/까/b/ /c/나/도/././ /저/번/에/ /정/리/정/돈/을/ /한/다/고/ /했/는/데/ /아/직/ /덜/ /했/어/d,/음/식/을/ /보/면/ /배/고/파/져/././ /이/야/기/할/ /때/도/ 배/고/프/고/,/그/때/ /그/ /시/절/을/ /기/억/하/니/ /슬/퍼/도/ /행/복/했/으/니/ 좋/은/ /거/ /같/아/,/어/릴/ /때/ 문/방/구/ /앞/에/서/ /1/0/0/원/짜/리/ /간/식/을/ /사/ /먹/은/ /기/억/이/ /나/ /././요/즘/은/ /이/런/ /가/격/으/로/ /못/ /사/ /먹/지/만/,/어/릴/ /때는/ /비/가/ /오/는/ /날/에/ /시/골/ /마/당/에/서/ /뛰/어/다/니/며/ 놀/았/던/ /기/억/이/ /나/,/저/번/에/ /마/주/쳤/던/ /강/아/지/를/ /쓰/다/듬/을/ /기/회/가/ /생/겼/는/데/ /용/기/가/ /없/어/서/ /그/냥/ /갔/었/어/ /././다/음/번/엔/ /꼭/
67,,,/안/ /좋/은/ /꿈/은/ /꾸/고 /싶/지/ /않/아/,/새/들/은/ /어/디/에/서/ 비/를/ /피/하/고/ /있/을/까/,/무/서/운/ /영/화/를/ /혼/자/ /보는/ /건/ /딱/ /질/색/이/야/ /././난/ /무/서/운/ /게/ /싫/어/,/혼/자/인/ /게/ /편/할/ /때/도/ /있/고/ /함/께/라/서/ 좋/은/ /점/도/ /있/는/ /거/ /같/아/,/점/점/ /환/경/이/ /개/선/되/고/ /있/는/ /게/ 느/껴/져/./ /좋/은/ /삶/인/ /걸/까/,/비/ /오/는/ /날/에/ /음/악/을/ /들/으/면/ /더/ /감/정/이/ /생/기/는/ /기/분/이/야/,/옛/날/ /사/람/들/은/ /불/빛/이/ /없/을/ 때/ /반/딧/불/이/를/ /모/아/서/ /집/ /안/에/ /붉/을/ /밝/혔/다/는/데 /././진/짜/일/까/?/,/청/소/를/ /한/번/ /건/너/뛰/었/다/가/ /다/음/날/ /너/무/ /더/러/워/서/ /후/회/한/ /적/이/ /있/어/./ /역/시/ /바/로/ /청/소/를/ /해/야/해/
68,,,/세/상/은/ /거/의/ /회/색/빛/이/야/./ /비/가/ /내/리/고/ /있/으/니/까/,/너/무/ /오/래/ /고/민/을/ /하/다/가/ 뭘/ /고/민/하/고/ /있/었/는/지/ /잊/어/버/렸/어/,/혼/자/인/ /게/ /편/할/ /때/도/ /있/고/ /함/께/라/서/ /좋/은/ /점/도/ 있/겠/지/,/비/ /오/는/ /날/에/ /따/뜻/한 /차/ /한/잔/과/ /함/께/ /하/루/를/ /보/내/고/ /싶/어/,/창/문/이/ /깔/끔/해/지/니/까/ 창/밖/이/ /잘/ /보/여/,/노/래/방/에/ /안/ /가/본/ /지/ /오/래/되/었/어./ /요/즘/에/는/ /작/은/ /노/래/방/들/이/ /생/겼/다/는/데/ /,/저/번/에/ /마/주/쳤/던/ /강/아/지/를/ /쓰/다/듬/을/ /기/회/가/ /생/겼/는/데/ /용/기/가/ /없/어/서/ /그/냥/ /갔/었/어/ /././다/음/번/엔/ /꼭/,/컴/퓨/터/를/ /자/주/ /한/다/면/ /손/목/이/ /아/프/지/ /않/도/록/ /항/상/ /손/목/ /스/트/레/칭/을/ /하/는/ /것/을/ /꼭/ /잊/지/ /말/렴/
69,,,/집/ /바/깥/에/ /있/으/면/ /더/?/축/축/해/ /질/거/야/,/고/양/이/들/은/ /비/가/ /오/면/ /어/디/에/ /있/을/까/,/비/ /오/는/ /날/에/는/ /따/뜻/한/ /파/전/과/ /함/께/ /저/녁/을/ /먹/고/ /싶/어/,/좋/은/ /과/거/는/ /금/방/ /잊/어/ /././그/래/서/ /사/람/은/ /망/각/의/ /생/물/이/라/고/ /하/나/ /보/다/,q/음/료/수/를/ /자/주/ /마/시/는/ /편/이/니/?/y/ / /응/ / /n/ /아/니/ / /a/너/무/ /마/시/면/ /건/강/에/ /안/ /좋/으/니/까/ /뭐/든 /적/당/한/ /게/ /좋/아/b/ /c/나/는/ /과/일/ /음/료/가/ /좋/아/서/ /가/끔/ /마/셔/d,/과/일 /음/료/도/ /좋/지/만/ /무/엇/보/다/ /과/일/을/ /먹/는/ /것/이/ /좋/지/,/청/소/를/ /한/번/ /건/너/뛰/었/다/가/ 다/음/날/ /너/무/ /더/러/워/서/ /후/회/한/ /적/이/ /있/어/,/요/즘/에/는/ /스/마/트/폰/이/ /있/으/니/까/ /편/리/한/ /거/ /같/아/./ /정/보/를/ /쉽/게/ /찾/을/ /수/ /있/어/서/ /좋/아/
70,,,/지/금/이/ /즐/겁/다/면/ /지/금/보/다/ /시/간/이/ /빨/리/ /더/ /가/겠/지/,/집/ /바/깥/에/ /있/으/면/ /더/ /축/축/해/ /질/거/야/,/추/운/ /날/에/는/ /따/뜻/한/ /것/을/ /상/상/하/기/만/ /해/도/ /좋/아/,/나/쁜/ /과/거/는/ /그/림/자/처/럼/ /달/라/붙/지/././ /쉽/게/ /잊/히/지/ /않/아/,/행/복/한/ /추/억/이/ /잊/혀/가/면/ /슬/퍼/지/는/ 기/분/이/야/ /././잡/을/ /수/ /없/으/니/까/,/누/군/가/에/서/ /선/물/을/ /주/는/ /것/도/ /받/는/ /것/도/ /기/분/이/ /묘/하/다/고/ /생/각/해/,/컴/퓨/터를/ /자/주/ /한/다/면/ /손/목/이/ /아/프/지/ /않/도/록/ /항/상/ /손/목/ /스/트/레/칭/을/ /하/는/ /것/을/ /꼭/ /잊/지/ /말/렴/,/오/늘/이/ /있/기/에/ /내/일/이/ /존/재/하/지/./ /외/면/해/서/는/ /안/ /돼/
71,,,,,/음/식/ /이/야/기/를/ /하/면/ /언/제/나/ 배/가/ /고/파/져/ /././뭔/가/ /먹/고/ /싶/다/,/사/람/은/ /누/구/나/ /잊/고 /싶/은/ /기/억/을/ /가/지/고/ /있/어/ /././물/론/ /나/도/,/(/창/밖/에/서/ /고/양이/ /소/리/가/ /희/미/하/게/ /난/다/./)/,/비/가/ /그/친/ /뒤/의/ /하/늘/은/ 참/ /맑/을/ /거/라/고/ /생/각/해/./ /공/기/도/ /깨/끗/하/겠/지/,/스/마/트/폰/을/ /너/무/ /오/랫/동/안/ /쳐/다/보/면/ /눈/ /건/강/에/ /안/ /좋/아/./ /가/끔/ /쉬/는/ /것/도/ /좋/지/,/예/전/에/는/ /당/연/했/던/ /일/이/ /지/금/은/ / /소/중/하/다/는/ /것/을/ /다/시/ /한/번/ / /느/낄/ /때/가/ /있/어/
72,,,,,/과/거/가/ /있/기/에 /현/재/가/ /존/재/한/다/고/ /생/각/해/./ /좋/은/ /과/거/든/ /나/쁜 /과/거/든/,/나/는 /잘/살/아/가/고/ /있/다/고/ /생/각/해/ /././나/의/ /삶/은/,/가/슴/이/ /뻥/ /뚫/리/는 /무/언/가/ /없/을/까/./ /답/답/한/ /마/음/을/ /풀/ /수/ /있/는/ 곳/이/라/면/ /어/디/든/,/요/즘/ /맛/있/는/ /음/식/을/ /먹/을/ /수/ /있/으/니/까/ /기/분/이/ /좋/아/,/오/늘/이/ /있/기/에/ /내/일/이/ /존/재/하/지/./ /외/면/해/서/는/ /안/ /돼/,/네/가/ /오/기/ /전/에/ /한/번/ /청/소/를/ /해/두/긴/ /했/는/데/ /././저/쪽/에/ /먼/지/는/ /무/시/해/줘/
73,,,,,/미/래/는/ /어/떻/게/ /될/지/ /모/르/니/까/ /지/금/의/ /현/재/가/ /소/중/하/다/고 /생/각/해/,/(/손/등/을/ /쓰/다/듬/다/가/ /깍/지/를/ /낀/다/./)/,/산/이/든/ /계/곡/이/든/ /어/디/로/ /여/행/ 간/다/면/ /기/분/이/ /좋/을/ /거/야/,/겨/울/에/도/ /아/이/스/크/림/을/ /먹/을/ /수/ /있/지/만/ /그/다/음/은/ /././음/,/요/즘/ /잠/을/ /자/는/ /게/ /두/렵/지/ /않/아/./ /예/전/에/는/././,/밖/에/서/ /아/이/들/이/ /떠/드/는/ /소/리/가/ /들/려/ /쳐/다/봤/는/데/ /우/비/를/ /입/으/며/ /놀/고/ /있/었/어/./ /즐/거/워/ /보/였/어/
74,,,,,q/삶/을/ /대/신/할/만/한/ /것/은/ /없/는/ /걸/까/y/ /있/어/ / /n/ /없/어/ / /a/무/엇/인/지/ /궁/금/하/네/./ /한/번/ /찾/아/볼/ /수/ /있/으/면/ /찾/아/보/고/ /싶/어/b/ /c/그/렇/겠/지/./ /삶/을/ /대/신/ /할/ /것/은/ /없/을/거/야/ /././그/러/니/까/d,/스/티/커/를/ /붙/이/다/가/ /실/수/한/ /적/이/ /있/어/서/ /이/번/엔/ /잘/할/ /거/야/,/코/코/아/를/ /마/시/고/ /싶/은 /기/분/이/ /들/ /때/가/ /있/어/./ /따/뜻/하/면/서/도/ /달/콤/하/니까/,/스/마/트/폰/을/ /너/무/ /오/랫/동/안/ /쳐/다/보/면 /눈/ /건/강/에/ /안/ /좋/아/./ /가/끔/ /쉬/는/ /것/도/ /좋/지/,/네/가/ /오/기/ 전/에/ /한/번/ /청/소/를/ /해/두/긴/ /했/는/데/ /././저/쪽/에/ /먼/지/는/ /무/시/해/줘/,/환/절/기/에/는/ /기/온/ /차/가/ /심/해/서/ /감/기/에/ /걸/리/기/ /쉬/워/./ /그/러/니/ /언/제/나/ /몸/조/심/하/렴/
75,,,,,/너/무/ /걱/정/만/ /하/는/ /것/도/ /좋/지 /않/다/는/ /걸/ /깨/달/았/어/,q/보/조/ /바/퀴/ /없/이/ /두/발/ /자/전/거/를/ /탈/ /수/ /있/니/?/y/ /있/어/ / /n/ /없/어/ / /a/나/는/ /자/전/거/를/ /그/렇/게/ /잘/ /타/는/ /편/은/ /아/니/라/ /언/젠/가/ /잘/ /타/고/ /싶/어/b/ /c/나/랑/ /같/구/나/./ /언/젠/가/ /노/력/하/면/ /잘/ /탈/ /수/ /있/을/ /거/야/d,/따/뜻/한/ /차/ /한/잔/을/ /마/시/고/ /싶/어/./ /몸/이/ /더/ 따/뜻/해/질/ /거/야/,얼/마/ /안/ /남/았/어/./ /이/제/ /조/금/ /쉬/는/ /편/이/ /좋/다/고 /생/각/해/,/밖/에/서/ /아/이/들/이/ /떠/드/는/ /소/리/가/ 들/려/ /쳐/다/봤/는/데/ /우/비/를/ /쓰/고/ /놀/고/ /있/었/어/./ /즐/거/워/ /보/였/어/,/뭔/가/를/ /하/기/ /위/해/서/는/ /건/강/이/ /중/요/해/./ /정/말/ /중/요/하/니/까/ /기/억/해/줬/으/면/ /좋/겠/어/
76,,,,,,,/요/리/를/ /연/습/하/다/가/ /살/짝/ /다/쳤/어/. /심/한/ /건/ /아/니/지/만/ /조/금/ /아/프/네/,/조/금/만/ /더/ /힘/내/라/는/ /말/은/ /응/원/할/ /때/ 도/움/이/ /된/다/고/ /생/각/해/,/환/절/기/에/는/ /기/온/ /차/가/ /심/해/서/ /감/기에/ /걸/리/기/ /쉬/워/./ /그/러/니/ /언/제/나/ /몸/조/심/하/렴/,/저/번/에/ /제/과/점/을/ /지/나/쳤/는/데/ /빵/ /냄/새/가/ /너/무/ /좋/았/어/./ /방/향/제/로/ /쓰/고/ /싶/을/ /정/도/로/
77,,,,,,,/하/늘/을/ /나/는/ 꿈/을/ /꾸/면/ /실/제/로/ /하/늘/을/ /날/고/ /싶/은/ /기/분/이/야/,/누/군/가/에/게/ /신/뢰/를/ /준/다/는 /것/은/ /어/렵/지/만/ /복/잡/하/지/,/뭔/가/를/ /하/기/ /위/해/서/는/ /건/강/이/ /중/요/해/./ /정/말/ /중/요/하/니/까/ /기/억/해/줬/으/면/ /좋/겠/어/,q/언/젠/가/ /인/생/에/ /밝/은/ /날/이/ /올/ /거/라/고/ /믿/니/?/y/ /믿/어/ / /n/ /믿/자/ / /a/예/전/에/는/ /안/ /믿/었/는/데/ /요/즘/ /믿/어/./ /비/가/ /개/는/ /날/이/ /오/는/ /것/처/럼/ /그/런/ /날/이/ /올/ /거/라/고/ /믿/으/니/까/b/ /c/확/신/이/ /없/지/만/ /있/을/ /거/라/고/ /믿/자/./ /같/이/ /믿/어/보/는/ /것/도/ /나/쁘/지/ /않/다/고/ /생/각/해/d/
78,,,,,,,(/창/밖/에/서/ /작/게/ /새/소/리/가/ /들/려/온/다/./)/,/감/정/이/나/ /생/각/을/ /속/에 /담/지/ /말/고/ /표/현/하/는/ /것/도/ /중/요/하/다/고/ /생/각/해/,/저/번/에/ /제/과/점/을/ /지/나/쳤/는/데/ /빵/ /냄/새/가/ /너/무/ /좋/았/어/./ /먹/고/ /싶/더/라,/어/릴/ /때/는/ /솜/사/탕/이/ /구/름/으/로/ /만/들/어/졌/다/고/ /생/각/했/었/어/./ /지/금/은/ /아/니/지/만/
79,,,,,,,/(/조/용/히 /빗/소/리/를/ /감/상/하/고/ /있/다/./)/,배/고/플/ /때/ /음/식/을/ /찾/아/서/ /먹/는/ /것/이/ /귀/찮/았/는/데 /요/즘/은/ /많/이/ /줄/어/든/ /거/ /같/아/,/(/손/가/락/으/로/ /먼/지/를/ /가/볍/게/ /쓸/고/ /있/다/./)/,/정/전/이/ /되/면/ /지/금/이/나/ /어/릴/ /때/나/ /항/상/ /무/서/워/./ /어/둠/ /속/은/ /아/무/것/도/ /모/르/거/든/
80,,,,,,,/비/ /오/는/ /소/리/가/ 점/점/ /줄/어/드/는/ /건/ /기/분/ /탓/일/까/ /././정/말/이/면/ /좋/겠/는/데/,/밤/에/ /하/늘/에/서/ 밝/은/ /빛/을/ /봤/는/데/ /그/게/ /무/엇/일/까/ /하/고/ /궁/금/해/,/어/릴/ /때/는/ /솜/사/탕/이/ /구/름/으/로/ /만/들/어/졌/다/고/ /생/각/했/었/어/ /././지/금/은/ /아/니/야/,/바/다/에/ /놀/러/ /가/면/ /항/상/ /소/라/를/ /줍/곤/ /했/지/./ /귀/에/ /가/져/다/ /대/면/ /파/도/ /소/리/를/ /느/낄/ /수/ /있/었/어/
81,,,,,,,/사/람/마/다/ /직/접/ /경/험/한/ /것/이/ /다/르/기/에/ /쉽게/ /공/감/하/지/ /않/지/./ /나/쁜/ /것/이/ /아/니/야/,요/리/ /연/습/을/ /잘/하/고/ /있/는/지/ /확/신/이/ /안/ /가/ /./.음/ /잘/하/고/ /있/는/ /거/겠/지/././?/,/정/전/이/ /되/면/ /지/금/이/나/ 어/릴/ /때/나/ /항/상/ /무/서/워/./ /어/둠/ /속/은/ /아/무/것/도/ 모/르/거/든/,/꽃/이/ /조/금/씩/ /피/어/나/면/ /곧/ /다/가/올/ /만/남/이/ /기/대/돼/
82,,,,,,,/음/././나/중/에/ /같/이/././ /아/니/야/,/손/목/ /스/트/레/칭/은/ 중/요/한/ /거/야/./ /손/이/ /아/프/면/ /많/이/ /불/편/하/니/까/,/바/다/에/ /놀/러/ /가/면/ /항/상/ /소/라/를/ /줍/곤/ 했/지/./ /귀/에/ /가/져/다/ /대/면/ /파/도/ /소/리/를/ /느/낄/ /수 /있/었/어/,q/회/전/목/마/ /타/ /봤/어/?/y/ / /응/ / /n/ /아/니/ / /a/어/릴/ /때/ /부/모/님/과/ /함/께/ /놀/이/동/산/에/ /갔/는/데/ /그/때/ /탔/던/ /화/려/한/ /불/빛/ /속/의/ /회/전/목/마/가/ /기/억/나/b/ /c/쳐/다/ /만/ /봐/도/ /화/려/한/ /게/ /회/전/목/마/인/ /거/ /같/아/./ /밤/에/는/ /더/ /화/려/하/니/까/ /한/번/ /보/렴/d/
83,,,,,,,/나/는/ /잘/살/아/가/고/ /있/다/고/ 생/각/해/./ /나/의/ /삶/은/ /너/와/ /다/르/니/까/ /,/세/상/에/는/ /다/양/한/ /음/악/이/ /존/재/해/./ /나/의/ /취/향/에/ /맞/는/ /음/악/을/ /찾/는/ /것/은/ /어/렵/지/만/,/꽃/이/ /조/금/씩/ /피/어/나/면/ /곧/ /다/가/올/ /만/남/이/ /기/대/돼/,/산/책/하/면/ /다/양/한/ /생/명/을/ /만/날/ /수/ /있/어/서/ /좋/아/./ /고/양/이/든/ /강/아/지/든/
84,,,,,,,/내/가/ /안/ 읽/어/본/ /책/들/을/ /읽/어/보/고/ /싶/어/ /,/내/가/ /안/ /읽/어/본 /책/들/을/ /읽/기/ /위/해/서/는/ /도/서/관/에/ /가/는/ /것/이/ /좋/겠/지/,q/회/전/목/마/ /타/ /봤/어/?/y/ / /응/ / /n/ /아/니/ / /a/어/릴/ /때/ /부/모/님/과/ /함/께/ /놀/이/동/산/에/ /갔/는/데/ /그/때/ /탄/ /회/전/목/마/가/ /기/억/나/b/ /c/쳐/다/ /만/ /봐/도/ /화/려/한/ /게/ /회/전/목/마/인/ /거/ /같/아/d/,/등/산/은/ /할/ /수/는/ /있/지/만/ /언/제/나/ /힘/든/ /일/이/야/./ /다/리/가/ /힘/든/ /건/ /피/할/ /수/ /없/어/
85,,,,,,,/냄/새/를/ /맡/았/을/ 때/는/ /맛/있/을/ /거/ /같/았/는/데/ /직/접/ /먹/으/니/ /아/닌/ /음/식/도/ /있/더/라/,/공/원/에/ /가/면/ /가/끔/ /사/람/들/이/ /강/아/지/와/ /산/책/을/ /하/는/ /모/습/을/ /볼/ /때/가/ /있/어/,q/동/물/ /중/에/ /강/아/지/ /좋/아/하/니/?/y/ /좋/아/ / /n/ /별/로/ / /a/산/책/하/다/가/ 작/은/ /강/아/지/를/ /봤/는/데/ /정/말/ /귀/여/웠/어/b/ /c/딱/히/ /좋/아/하/지/ /않/는/ /사/람/도/ /있/어/./ /사/람/마/다/ /다/르/니/까/d,/표/현/은/ /서/툴/지/만/ /조/금/씩/ /연/습/해/서/ /표/현/한/다/면/ /언/젠/가/ /잘/ /표/현/하/는/ /날/이/ /오/겠/지/?/
86,,,,,,,/종/이/가/ /있/으/면/ /필/요/한/ /것/을/ /적/을/ 수/ /있/어/서/ /좋/은/ /거/ /같/아/,/저/번/에/ /길/을/ /가/다/가/ /아/기/와/ /눈/이/ /마/주/쳐/서/ /인/사/했/었/어/,/등/산/하/고/ 싶/지/만/ /체/력/이/ /부/족/해/서/ /힘/들/ /거/ /같/아/./ /체/력/을 /키/워/야/겠/어/,/예/전/에/는/ /정/말/ /아/무/것/도/ /하/기/ /싫/었/는/데/ /요/즘/은/ /그/런/ /생/각/을/ /안/ /한/ /지/ /오/래/된/ /거/ /같/아/
87,,,,,,,/전/단/지/에/ /배/달/음/식/만/ /시/켜/ /먹/은/ /게/ /엊/그/제/ /같/은/데/ /././시/간/이/ /참/,q/더/울/ /때/ /얼/음/을/ /먹/어/ /본/ /적/이/ 있/니/?/y/ /있/어/ / /n/ /없/어/ / /a/더/운/ /여/름/날/ /얼/음/을/ /먹/다/가/ /너/무/ /먹/어/서/ /머/리/가/ /띵/한/ /적/이/ /있/어/b/ /c/아/무/리/ /더/워/도/ /찬/ /것/을/ /별/로/ /안/ /좋/아/하/는/ /사/람/도/ /있/지/d,q/야/경/에/ /대/해/ /어/떻/게/ /생/각/하/니/y/ /좋/아/ / /n/ /별/로/ / /a/밤/에/ /야/경/은/ /언/제/ /봐/도/ /아/름/다/운/ /거/ /같/아/./ /금/방/ /싫/증/ /나/지/ /않/아/b/ /c/늦/은/ /밤/까/지/ /사/람/들/이/ /계/속/ /있/는/ /거/니/까/ /././보/기/에/는/ /화/려/해/도/d,/위/층/은/ /잠/자/기/ /좋/은/ /장/소/야/./ /빗/소/리/를/ /들/으/며/ /잠/을/ /자/면/ /잠/이/ /더/ /잘/ /오/는/ /기/분/이/ /들/거/든/
88,,,,,,,/전/에/ /살/던/ /집/은/ /방/이/ /하/나/였/는/데/ /이/제/ /두/ /개/라/서 /좋/아/,/영/어/사/전/에/서/ /봤/는/데/ /나/비/는/ /영/어/로/ b/u/t/t/e/r/f/l/y/고/ /잠/자/리/는/ /d/r/a/g/o/n/f/l/y라/고/ /부/르/는/데/ /재/밌/어/,/비/ /온/ /뒤/에/ 무/지/개/를/ /본/ /기/억/이/ /희/미/해/./ /언/젠/가/ /보/고/ /싶/어,q/예/전/부/터/ /궁/금/했/는/데/ /나/랑/ /대/화/하/는/ /게/ /좋/아/?/y/ /좋/아/ / /n/ /싫/어/ / /a/ /././좋/아/해/줘/서/ /고/마/워/ /././크/흠/ /용/기/를/ /내/서/ /고/마/움/을/ /말/하/는/ /것/은/ /어/렵/구/나/b/ /c/싫/어/도/ /종/종/ /이/렇/게/ /찾/아/와/ /주/는/ /건/ /아/주/ /싫/다/는/ /것/은/././ /아/니/라/고/ /믿/어/d/
89,,,,,,,/과/거/의/ /실/수/가/ /있/다/면/ /언/젠/가/ /바/로/ /잡/을 /수/ /있/는/ /날/이/ /왔/으/면/ /좋/겠/어/,/긍/정/적/으/로/ /생/각/하/고/ /싶/다가/도/ /옆/에/서/ /부/정/적/인/ /생/각/이/ /같/이/ /떠/올/라/,/미/세/먼/지/가/ /심/한/ /날/에/도/ /외/출/하/고/ /싶/으/면/ /마/스/크/를/ /꼭/ /써/야/ /해/,q/잠/은/ /잘/ /자/는/ /편/이/니/ /y/ /잘/ /자/ /n/못/ /자/ / /a/깊/이/ /잠/을/ /잘/ /잔/다/는/ /것/은/ /다/음/ /날/ /기/분/ /좋/은/ /하/루/를/ /맞/이/할/ /수/ /있/어/b/ /c/잠/을/ /자/는/ /것/은/ /뇌/에/ /휴/식/을/ /주/는/ /일/이/니/까/ /잘/ /자/도/록/ /하/렴/d/
90,,,,,,,/만/족/하/지/ /못/하/는 /삶/이/라/도/ /행/복/하/다/면/ /좋/을/ /거/야/,/세/상/이/ /어/떻/더/라/도/ /내/가/ /행/복/하/면/ /괜/찮/지/ /않/을/까/,/잠/을/ /잘/ /자/면/ /몸/이/ /개/운/해/서 /좋/아/./ /요/즘/ /그/런/ /날/이/ /많/아/지/고/ /있/어/서/ /더/ 좋/고/,/목/이/ /마/른/ /데/ /물/을/ /마/셔/야/겠/어/./ /밖/으/로/ /나/간/다/면/ /주/스/를/ /마/실/ /수/ /있/을/거/야/
91,,,,,,,,/과/거/에/는/ /내/가/ /하/는/ /일/이/ /무/엇/이/든/ /다/ /해/낼/ /수/ 있/다/고/ /생/각/했/지/././,/과/거/에/는/ /내/가/ /하/는/ /일/이/ /무/엇/이/든/ /다/ /해/낼/ /수/ /있/다/고/ /생/각/했/어/./ /의/욕/이/ /넘/쳤/었/지/,/밖/으/로/ /나/간/다/는/ /것/은/ /작/은/ /모/험/과/도/ /같/아/./ /무/엇/이/ /펼/쳐/져/ /있/을/지/ /모/를/ /때/도/ /있/으/니/까/
92,,,,,,,,/점/점/ /무/언/가/를/ /잊/어/버/리/면/ 마/지/막/에/ /남/는/ /것/은/ /없/겠/지/,/당/연/하/다/고/ /생/각/하/는/ /것/이/ /다/른/ /누/군/가/에/게/는/ /아/니/라/는/ /것/을/ /알/게/ /되/었/어/,q/내/가/ /아/직/ /못/ /가/본/ /세/상/은/ /얼/마/나/ /넓/을/까/?/y/ /많/이/ / /n/ /조/금/ / /a/방/이/ /이/렇/게/ /작/으/니/까/ /밖/은/ /훨/씬/ /넓/을/ /거/라/고/ /생/각/해/b/ /c/생/각/보/다/ /작/을/ /수/도/ /있/겠/네/ /././음/d/
93,,,,,,,,/언/제/나/ /있/다/고/ /생/각/했/는/데/ /어/느/ /순/간/ /사/라/지/고/ /없/어/,/누/가/ /뭐/라/고/ /해/도/ /나/는/ 나/야/./ /하/나/뿐/인/ /나/././,q/솜/사/탕/을/ /먹/어/ /본/ /적/ /있/니/?/y/ / /응/ / /n/ /아/니/ / /a/솜/사/탕/을/ /보/면/ /꼭/ /뭉/게/구/름/ /같/아/서/ /한/번/ /먹/어/보/고/ /싶/어/b/ /c/부/드/럽/고/ /달/콤/하/다/는/데/ /그/래/ / /그/렇/구/나/d/
94,,,,,,,,/남/들/이/ /뭐/라/ 해/도/ /나/는/ /나/여/도/ /괜/찮/지/ /않/을/까/,/서/로/가/ /비/교/를/ /할/ /수/는/ /있/지/만/ /비/하/를/ /해/서/는/ /안/ /돼/,/음/././ /그/냥/ /이/것/저/것/ /생/각/하/고/ /있/었/어/./ /가/만/히/ /있/으/면/ /여/러/가/지/가/ /생/각/나/
95,,,,,,,,/삶/은/ /계/란/이/ 먹/고/ /싶/어/./ /머/리/에/ /부/딪/혀/서/ /먹/는/ /재/미/가/ /있/거/든/,q/커/피/를/ /마/신/다/면/ /달/게/해/서/ /마/시/니/?/y/ /응/ / / /n/ /아/니/ / /a/달/달/한/ /커/피/는/ /기/분/을/ /좋/게/ /만/들/어/./ /그/래/서/ /연/유/나/ /우/유/가/ /들/어/가/면/ /더/ /맛/있/어/b/ /c/본/연/의/ /맛/을/ /좋/아/하/면/ /아/무/것/도/ /안/ /넣/고/ /마/실/ /수/ /있/어/./ /커/피/의/ /향/이/ /진/하/게/ /느/껴/지/고/d,/파/랑/은/ /우/울/한/ /색/깔/이/라/고/ /하/지/만/././ /맑/고/ /파/란/ /하/늘/을/ /보/고/ /있/으/면/ /즐/거/워/
96,,,,,,,,,,q/찜/질/방/에/ /가/본/ /적/ /있/니/?/y/ /응/ / / /n/ /아/니/ / /a/가/면/ /삶/은/ /계/란/에/ /식/혜/를/ /먹/어/보/고/ /싶/어/ /././찜/질/을/ /즐/기/는/ /것/ /보/다/는/b/ /c/이/해/해/./ /찜/질/방/에/는/ /사/람/이/ /좀/ /많/아/서/ /힘/들/기/도/ /해/d/
97,,,,,,,,,,/서/로/가/ /비/교/를/ /할/ /수/는/ /있/지/만/ /비/하/를/ /해/서/는/ /안/ /돼/
98,,,,,,,,,,/기/름/진/ /음/식/을/ /잔/뜩/ /먹/고/ /싶/지/만/ /매/일/ /먹/으/면/ /건/강/에/ /안/ /좋/겠/지/
99,,,,,,,,,,/요/즘/에/는/ /천/원/으/로/ /간/식/을/ /사/ /먹/을/ /비/용/이/ /되/지/ /않/는/ /거/ /같/아/ /././어/릴/때/는/ /안/ /그/랬/는/데/
100,,,,,,,,,,/많/이/ /개/선/되/었/다/고/ /생/각/하/지/만/ /언/제/나/ /조/심/을/ /해/야/겠/지/
101,,,,,,,,,,/함/박/눈/이/ /펑/펑/ /내/리/는/ /겨/울/날/에/ /따/뜻/한/ /호/빵/을/ /먹/으/며/ /난/로/ /앞/에/ /앉/고/싶/어/
102,,,,,,,,,,/하/늘/은/ /파/란/색/만/ /있/는/ /것/이/ /아/니/라/ /색/깔/이/ /다/양/해/./ /시/간/과/ /장/소/에/ /따/라/서/ /계/속/ /변/하/지/
103,,,,,,,,,,/에/어/컨/을/ /많/이/ /쐬/면/ /머/리/가/ /아/파/져/./ /뭐/든/ /적/당/한/ /것/이/ /좋/지/
104,,,,,,,,,,/도/를/ /넘/어/서/면/ /관/계/는/ /틀/어/져/./ /항/상/ /조/심/히/ /행/동/하/는/ /것/이/ /좋/지/
105,,,,,,,,,,/말/은/ /한/번/ /뱉/으/면/ /다/시/ /주/워/ /담/을/ /수/ /없/으/니/ /생/각/하/고/ /또/ /생/각/해/야/ /해/
106,,,,,,,,,,/산/책/하/다/가/ /달/팽/이/를/ /봤/는/데/ /비/를/ /맞/고/ /있/어/서/ /그/런/지/ /열/심/히/ /움/직/이/더/라/
107,,,,,,,,,,/내/가/ /아/는/ /지/식/은/ /많/이/ /없/어/./ /그/래/서/ /아/직/도/ /배/울/ /것/도/ /많/고/ /볼/ /것/도/ /많/아/
108,,,,,,,,,,/언/젠/가/ /영/어/를/ /열/심/히/ /배/워/서/ /자/막/ /없/이/ /영/화/를/ /보/고/ /싶/어/ /
109,,,,,,,,,,/봄/에/는/ /벚/꽃/을/ /볼/ /수/ /있/어/서/ /좋/아/./ /일/ /년/에/ /한/번/뿐/인/ /순/간/이/니/까/ /소/중/한/ /기/분/이/지/
110,,,,,,,,,,/여/름/이/ /되/면/ /바/다/든/ /계/곡/이/든/ /물/놀/이/를/ /할/ /수/ /있/어/서/ /좋/다/고/ /생/각/해/
111,,,,,,,,,,/잎/이/ /떨/어/지/고/ /붉/게/ /물/든/다/면/ /가/을/이/ /찾/아/온/다/는/ /소/식/이/지/./ /더/ /배/고/픈/ /계/절/이/기/도/ /하/고/
112,,,,,,,,,,/함/박/눈/이/ /펑/펑/ /내/리/는/ /겨/울/날/에/ /따/뜻/한/ /호/빵/을/ /먹/으/며/ /난/로/ /앞/에/ /앉/고/싶/어/
113,,,,,,,,,,/스/마/트/폰/을/ /너/무/ /오/랫/동/안/ /쳐/다/보/면/ /눈/ /건/강/에/ /안/ /좋/아/./ /가/끔/ /쉬/는/ /것/도/ /좋/지/
114,,,,,,,,,,/영/어/사/전/에/서/ /봤/는/데/ /나/비/는/ /영/어/로/ /b/u/t/t/e/r/f/l/y/고/ /잠/자/리/는/ /d/r/a/g/o/n/f/l/y/라/고/ /부/르/는/데/ /재/밌/어/
115,,,,,,,,,,/얼/음/물/을/ /마/시/면/ /시/원/하/지/만/ /너/무/ /차/가/울/ /때/가/ /있/어/./ /이/가/ /시/릴/ /때/도/ /있/고/
116,,,,,,,,,,/아/는/ /사/자/성/어/가/ /없/어/서/ /신/문/을/ /보/면/ /유/용/한/ /거/ /같/아/./ /공/부/가/ /되/는/ /기/분/이/야/
117,,,,,,,,,,/헤/어/지/면/ /언/제/나/ /아/쉬/운/ /법/이/야/./ /그/렇/다/고/ /계/속/ /미/룰/ /수/는/ /없/지/
118,,,,,,,,,,/때/가/ /되/면/ /언/젠/가/ /나/와/ /헤/어/지/는/ /날/이/ /오/겠/지/./ /그/날/이/ /와/도/ /서/로/ /괜/찮/을/ /거/야/
119,,,,,,,,,,/집/안/에/서/ /잘/ /마/른/ /빨/래/ / /냄/새/가/ /나/./ /전/에/는/ /퀘/퀘/한/ /냄/새/만/ /났/었/는/데/
120,,,,,,,,,,/밤/에/ /풀/벌/레/ /소/리/를/ /들/은/ /적/이/ /있/는/데/ /듣/기/ /좋/았/어/./ /나/도/ /모/르/게/ /잠/들/었/지/만/
121,,,,,,,,,,/라/면/은/ /끓/일/ /때/가/ /냄/새/가/ /제/일/ /좋/은/ /거/ /같/아/./ /물/론/ /자/주/ /먹/으/면/ /몸/에/ /안/ /좋/아/!/
122,,,,,,,,,,/많/은/ /질/문/을/ /하/지/만/ /얻/는/ /정/보/가/ /없/다/면/ /허/탕/ /치/는/ /것/일/까/
123,,,,,,,,,,/나/는/ /괜/찮/아/ /지/금/도/ /이/렇/게/ /잘/살/아/가/고/ /있/으/니/까/ /나/쁘/지/ /않/지/
124,,,,,,,,,,/동/화/책/을/ /읽/으/면/ /나/도/ /모/르/게/ /동/심/에/ /빠/지/는/ /기/분/이/야/
125,,,,,,,,,,q/청/소/를/ /자/주/하/는/ /편/이/니/?/y/ /응/ / / /n/ /아/니/ / /a/나/도/ /이/제/ /청/소/를/ /하/는/ /편/인/데/ /먼/지/는/ /매/일/ /생/기/니/까/ /어/쩔/ /수/ /없/나/ /봐/b/ /c/자/주/하/는/ /것/이/ /힘/들/면/ /몰/아/서/ /한/꺼/번/에/ /하/는/ /것/도/ /나/쁘/지/ /않/을/ /거/ /같/아/d/
126,,,,,,,,,,/일/부/ /가/구/들/은/ /집/어/넣/을/ /수/ /있/으/니/까/ /편/한/ /거/ /같/아/
127,,,,,,,,,,/너/보/다/ /힘/든/ /사/람/이/ /많/다/는/ /위/로/의/ /말/은/ /도/움/이/ /될/ /수/ /없/지/
128,,,,,,,,,,/상/처/가/ /많/이/ /아/물/었/다/고/ /생/각/해/./ /외/적/으/로/든/ /내/적/으/로/든/ /말/이/야/
129,,,,,,,,,,/풍/선/을/ /띄/우/고/ /싶/어/./ /손/에/ /들/고/ /있/으/면/ /좋/을/ /거/ /같/아/
130,,,,,,,,,,/가/끔/ /연/락/은/ /하/고/ /살/아/가/면/ /관/계/가/ /유/지/되/지/만/ /힘/든/ /일/이/야/
131,,,,,,,,,,/맞/춤/법/을/ /완/벽/하/게/ /외/운/다/는/ /것/은/ /어/려/운/ /일/이/야/./ /그/래/도/ /노/력/을/ /해/야/겠/지/
132,,,,,,,,,,/너/랑/ /대/화/하/면/ /시/간/ /가/는/ /줄/ /모/르/겠/어/ /././좋/다/는/ /소/리/야/
133,,,,,,,,,,/할/ /수/ /있/다/는/ /말/은/ /마/치/ /주/문/과/도/ /같/아/./ /다/짐/하/는/ /것/은/ /어/렵/거/든/
134,,,,,,,,,,/빵/ /굽/는/ /냄/새/가/ /정/말/ /좋/아/./ /없/던/ /식/욕/도/ /다/시/ /생/기/게/ /해/
135,,,,,,,,,,/어/릴/ /때/ /물/가/에/서/ /물/놀/이/를/ /하/고/ /쉬/었/을/ /때/ /햇/살/이/ /따/뜻/했/던/ /기/억/이/ /나/
136,,,,,,,,,,/졸/리/면/ /잠/시/ /자/도/록/ /해/./ /쉬/거/나/ /편/하/게/ /있/는/ /게/ /좋/지/
137,,,,,,,,,,/지/금/ /이/ /평/화/로/움/이/ /유/지/되/어/ /깨/지/지/ /않/았/으/면/ /좋/겠/어/ /././부/디/
138,,,,,,,,,,/(/어/깨/에/ /체/온/이/ /느/껴/져/ /쳐/다/보/니/ /기/대/고/ /있/다/./)/
139,,,,,,,,,,/(/입/맛/을/ /다/시/고/ /있/다/./ /뭔/가/를/ /생/각/하/나/ /보/다/./)/
140,,,,,,,,,,/(/발/을/ /쳐/다/본/다/./)/ /손/도/ /작/은/데/ /발/도/ /작/구/나/ /././쩝/
141,,,,,,,,,,/나/는/ /누/군/가/에/게/는/ /평/범/한/ /삶/이/라/고/ /말/할/ /수/ /있/지/ /././아/닐/ /수/도/ /있/고/
142,,,,,,,,,,/항/상/ /무/언/가/를/ /생/각/하/는/ /것/은/ /어/려/운/데/ /요/즘/ /편/해/지/는/ /기/분/이/야/
143,,,,,,,,,,/배/고/픈/데/ /뭐/라/도/ /만/들/어/ /먹/을/까/ /아/니/면/ /사/ /먹/을/까/ /././고/민/이/네/
144,,,,,,,,,,/././나/는/ /감/정/에/ /솔/직/한/ /편/이/ /아/니/어/서/ /././너/에/게/ /고/맙/다/고/는/ /(/고/개/를/ /돌/렸/다/./)/
145,,,,,,,,,,/사/랑/은/ /어/려/운/ /과/제/야/./ /나/ /자/신/부/터/ /사/랑/하/는/ /법/을/ /배/워/야/ /해/
146,,,,,,,,,,/(/기/침/ /소/리/가/ /난/다/./)/ /아/ /먼/지/가/ /입/안/에/ /들/어/갔/어/./ /이/제/는/ /괜/찮/아/
147,,,,,,,,,,/(/눈/이/ /마/주/쳤/다/./)/ /지/금/ /보/니/까/ /정/말/ /우/리/는/ /다/르/게/ /생/겼/구/나/./ /나/쁜/ /뜻/은/ /절/대/ /아/니/야/!/
148,,,,,,,,,,/밖/으/로/ /나/가/는/ /것/을/ /두/려/워/했/는/데/ /이/제/는/ /그/렇/지/ /않/아/
149,,,,,,,,,,/기/분/ /좋/은/ /생/각/을/ /하/면/ /하/루/가/ /기/분/이/ /좋/아/져/
150,,,,,,,,,,/조/명/이/ /밝/으/면/ /눈/이/ /부/셔/서/ /제/대/로/ /못/ /쳐/다/봐/./ /조/금/ /꺼/두/는/ /것/도/ /좋/지/
151,,,,,,,,,,/어/디/서/ /들/었/는/데/ /비/ /오/는/ /날/에/ /전/을/ /먹/는/ /이/유/는/ /빗/소/리/가/ /전/ /부/치/는/ /소/리/와/ /비/슷/해/서/ /그/렇/다/더/라/
152,,,,,,,,,,/라/디/오/에/서/ /가/끔/ /클/래/식/ /음/악/이/ /나/오/는/데/ /듣/기/ /좋/아/
153,,,,,,,,,,"/영/화/의/ /제/목/처/럼/ /세/상/에/는/ /좋/은/ /사/람/과/ /나/쁜/ /사/람/,/ /그/리/고/ /이/상/한/ /사/람/이/ /공/존/하/는/ /거/ /같/아/"
154,,,,,,,,,,/아/래/층/에/는/ /요/리/할/ /수/ /있/어/서/ /좋/은/ /거/ /같/아/./ /내/ /맘/대/로/ /음/식/을/ /만/들/ /수/ /있/으/니/까/
155,,,,,,,,,,q/고/층/ /빌/딩/에/서/ /산/다/면/ /어/떤/ /기/분/일/까/?/y/무/서/워/ / /n/ /별/로/ / /a/정/말/ /높/은/ /곳/이/기/ /때/문/에/ /바/람/이/ /불/ /때/ /흔/들/릴/까/ /궁/금/해/b/ /c/올/라/가/ /본/적/이/ /없/어/서/ /생/각/조/차/ /되/지/도/ /않/아/d/
156,,,,,,,,,,/누/가/ /뭐/라/고/ /해/도/ /나/는/ /나/야/./ /하/나/뿐/인/ /나/를/ /대/신/할/ /것/은/ /없/어/
157,,,,,,,,,,/어/릴/ /때/ /눈/이/ /무/릎/까/지/ /쌓/일/ /만/큼/ /온/ /적/이/ /있/었/어/./ /재/밌/게/ /놀/았/었/지/
158,,,,,,,,,,/어/린/시/절/ /시/골/에/서/ /밤/하/늘/을/ /쳐/다/봤/는/데/ /은/하/수/를/ /봤/었/어/ /././물/론/ /그/ /뒤/로/ /본/ /적/은/ /없/지/
159,,,,,,,,,,/비/에/게/ /나/쁜/ /면/도/ /있/겠/지/만/ /어/딘/가/에/ /생/명/이/ /살/아/가/기/ /위/해/서/는/ /꼭/ /필/요/해/
160,,,,,,,,,,/지/금/ /살/아/가/는/ /이/ /순/간/은/ /다/시/ /돌/아/오/지/ /않/으/니/까/ /시/간/은/ /금/이/라/는/ /말/이/ /나/오/는/ /걸/까/
161,,,,,,,,,,/과/거/에/는/ /내/가/ /하/는/ /일/이/ /무/엇/이/든/ /다/ /해/낼/ /수/ /있/다/고/ /생/각/했/어/./ /의/욕/이/ /넘/쳤/었/지/
162,,,,,,,,,,/당/연/하/다/고/ /생/각/하/는/ /것/이/ /다/른/ /누/군/가/에/게/는/ /아/니/라/는/ /것/을/ /알/게/ /되/었/어/
163,,,,,,,,,,q/더/울/ /때/ /얼/음/을/ /먹/어/ /본/ /적/이/ /있/니/?/y/ /있/어/ / /n/ /없/어/ / /a/더/운/ /여/름/날/ /얼/음/을/ /먹/다/가/ /너/무/ /먹/어/서/ /머/리/가/ /띵/한/ /적/이/ /있/어/b/ /c/그/냥/ /얼/음/이/ /별/로/라/면/ /팥/빙/수/를/ /먹/어/도/ /좋/을/ /거/ /같/아/d/
164,,,,,,,,,,/(/자/세/를/ /움/츠/리/지/ /않/기/ /위/해/ /노/력/하/고/ /있/다/./)/
165,,,,,,,,,,/(/편/안/한/ /분/위/기/만/이/ /방/안/에/ /흐/르/고/ /있/다/./)
