index,park,city
1,"/I/ /d/o/n/'/t/ /t/h/i/n/k/ /I/ /c/a/n/ /r/i/d/e/ /t/h/e/ /s/e/e/s/a/w/ /b/e/c/a/u/s/e/ /i/t/'/s/ /w/e/t/./ /I/ /c/a/n/'/t/ /r/i/d/e/ /i/t/ /a/l/o/n/e/ /e/i/t/h/e/r/,/ /o/b/v/i/o/u/s/l/y/./",W/h/a/t/ /I/ /w/a/n/t/ /t/o/ /d/o/////// /a/n/d/ /w/h/a/t/ /I/ /m/u/s/t/ /d/o/.
2,/I/ /f/e/e/l/ /l/i/k/e/ /I/ /c/a/n/ /r/e/a/c/h/ /t/h/e/ /s/k/y/ /i/f/ /I/ /g/o/ /u/p/ /o/n/ /a/ /s/w/i/n/g/./,/L/i/f/e/ /i/s/ /l/i/k/e/ /t/r/e/a/d/i/n/g/ /o/n/ /a/ /t/i/g/h/t/r/o/p/e/./
3,/S/o/m/e/o/n/e/ /m/u/s/t/'/v/e/ /l/e/f/t/ /t/h/e/i/r/ /l/i/t/t/l/e/ /s/h/o/v/e/l/ /i/n/ /t/h/e/ /s/a/n/d/./,/T/h/e/ /c/l/o/u/d/s/ /a/r/e/ /f/l/o/a/t/i/n/g/ /b/e/t/w/e/e/n/ /t/h/e/ /b/u/i/l/d/i/n/g/s/./ /I/ /t/h/i/n/k/ /i/t/'/s/ /c/o/o/l/./
4,/M/a/y/b/e/ /s/o/m/e/ /k/i/d/s/ /l/e/f/t/ /t/h/e/i/r/ /t/o/y/ /s/h/o/v/e/l/./ /,/T/h/e/r/e/'/s/ /a/ /l/i/g/h/t/-/u/p/ /b/i/l/l/b/o/a/r/d/ /o/n/ /t/h/e/ /r/o/o/f/./ /I/ /t/h/i/n/k/ /I/ /c/a/n/ /s/e/e/ /s/o/m/e/t/h/i/n/g/./
5,/T/h/a/t/ /p/u/d/d/l/e/ /i/n/ /t/h/e/ /s/a/n/d/ /i/s/ /s/o/ /c/l/e/a/r/ /t/h/a/t/ /c/a/n/ /s/e/e/ /t/h/e/ /s/k/y/ /o/f/ /t/h/e/ /r/e/f/l/e/c/t/i/o/n/./,/S/o/m/e/t/i/m/e/s/ /I/ /c/a/n/ /s/e/e/ /s/o/m/e/t/h/i/n/g/ /w/h/e/n/ /I/ /l/o/o/k/ /a/t/ /t/h/e/ /b/i/l/l/b/o/a/r/d/./
6,/I/t/'/s/ /g/o/o/d/ /t/h/a/t/ /t/h/e/ /l/i/g/h/t/s/ /t/u/r/n/ /o/n/ /a/t/ /n/i/g/h/t/./ /I/ /d/o/n/'/t/ /w/a/n/t/ /i/t/ /t/o/ /b/e/ /t/o/o/ /d/a/r/k/./,/I/s/ /t/h/e/ /t/r/a/s/h/ /t/h/a/t/ /s/o/m/e/o/n/e/ /t/h/r/o/w/s/ /a/w/a/y/ /u/s/e/f/u/l/ /t/o/ /s/o/m/e/o/n/e/ /e/l/s/e/?/
7,/I/ /a/l/w/a/y/s/ /t/h/o/u/g/h/t/ /s/l/i/d/e/s/ /w/e/r/e/ /f/u/n/ /w/h/e/n/ /I/ /w/a/s/ /y/o/u/n/g/ /a/n/d/ /I/ /s/t/i/l/l/ /d/o/ /n/o/w/./ /,/I/ /g/e/t/ /a/ /l/o/t/ /o/f/ /f/l/y/e/r/s/ /o/n/ /t/h/e/ /s/t/r/e/e/t/./ /T/h/e/r/e/ /a/r/e/ /v/a/r/i/o/u/s/ /a/d/v/e/r/t/i/s/e/m/e/n/t/s/ /o/n/ /i/t/./
8,"/P/l/a/y/g/r/o/u/n/d/s/ /a/r/e/ /f/o/r/ /c/h/i/l/d/r/e/n/,/ /b/u/t/ /a/d/u/l/t/s/ /c/a/n/ /s/t/i/l/l/ /e/n/j/o/y/ /t/h/e/m/ /s/o/m/e/t/i/m/e/s/./",/I/ /n/e/e/d/ /t/o/ /b/e/ /c/a/r/e/f/u/l/ /n/o/t/ /t/o/ /g/e/t/ /c/l/o/s/e/ /t/o/ /t/h/e/ /r/o/a/d/ /w/h/e/n/ /a/ /c/a/r/ /i/s/ /p/a/s/s/i/n/g/ /b/y/./
9,/(/Y/o/u/ /l/o/o/k/ /a/t/ /t/h/e/ /s/m/a/l/l/ /m/u/d/d/y/ /s/h/o/v/e/l/./)/,/(/L/o/o/k/i/n/g/ /u/p/ /a/t/ /t/h/e/ /b/u/i/l/d/i/n/g/./)/
10,"/N/o/w/a/d/a/y/s/,/ /m/o/s/t/ /p/l/a/y/g/r/o/u/n/d/s/ /a/r/e/ /m/a/d/e/ /o/u/t/ /o/f/ /p/l/a/s/t/i/c/ /r/a/t/h/e/r/ /t/h/a/n/ /w/o/o/d/./",/(/L/o/o/k/i/n/g/ /a/t/ /c/l/o/u/d/s/ /b/e/t/w/e/e/n/ /b/u/i/l/d/i/n/g/s/./)/
11,"/I/f/ /y/o/u/ /g/o/ /o/n/ /t/h/e/ /s/l/i/d/e/ /i/n/ /h/o/t/ /w/e/a/t/h/e/r/,/ /y/o/u/ /c/a/n/ /b/u/r/n/ /y/o/u/r/s/e/l/f/,/ /s/o/ /b/e/ /c/a/r/e/f/u/l/./","/T/e/l/e/p/h/o/n/e/ /w/i/r/e/s/ /a/r/e/ /l/i/k/e/ /s/p/i/d/e/r/ /w/e/b/s/,/ /t/h/e/y/'/r/e/ /a/l/l/ /i/n/t/e/r/t/w/i/n/e/d/./"
12,/S/o/m/e/t/i/m/e/s/ /h/o/p/p/i/n/g/ /a/c/r/o/s/s/ /s/t/e/p/p/i/n/g/ /s/t/o/n/e/s/ /i/s/ /f/u/n/./,/I/t/’/s/ /h/a/r/d/ /t/o/ /w/a/l/k/ /o/n/ /a/s/p/h/a/l/t/ /o/n/ /a/ /h/o/t/ /d/a/y/./
13,/S/o/m/e/t/i/m/e/s/ /t/h/e/r/e/'/s/ /s/o/m/e/ /n/e/w/s/p/a/p/e/r/s/ /i/n/ /t/h/e/ /m/i/d/d/l/e/ /o/f/ /t/h/e/ /p/l/a/y/g/r/o/u/n/d/./ /I/t/ /m/i/g/h/t/ /b/e/ /n/i/c/e/ /t/o/ /r/e/a/d/ /i/t/./,/P/e/o/p/l/e/ /d/r/i/n/k/ /a/ /l/o/t/ /o/f/ /c/o/f/f/e/e/./ /D/o/ /I/ /h/a/v/e/ /n/o/ /c/h/o/i/c/e/ /b/u/t/ /t/o/ /d/r/i/n/k/ /i/t/ /t/o/o/?/
14,/I/t/'/s/ /h/a/r/d/ /t/o/ /c/l/e/a/r/ /m/y/ /m/i/n/d/./ /B/e/c/a/u/s/e/ /I/'/m/ /a/l/w/a/y/s/ /t/h/i/n/k/i/n/g/ /a/b/o/u/t/ /c/o/m/p/l/i/c/a/t/e/d/ /t/h/i/n/g/s/./,"/T/h/e/ /a/i/r/ /i/s/ /s/w/e/e/t/ /b/e/c/a/u/s/e/ /i/t/'/s/ /r/a/i/n/i/n/g/,/ /b/u/t/ /i/t/'/s/ /n/o/t/ /a/s/ /g/o/o/d/ /a/s/ /t/h/e/ /p/a/r/k/./"
15,/I/ /t/h/i/n/k/ /i/t/ /m/i/g/h/t/ /b/e/ /a/ /g/o/o/d/ /i/d/e/a/ /t/o/ /c/l/e/a/r/ /m/y/ /m/i/n/d/ /f/o/r/ /a/ /w/h/i/l/e/ /a/n/d/ /j/u/s/t/ /r/e/l/a/x/ /w/i/t/h/o/u/t/ /h/a/v/i/n/g/ /t/o/ /t/h/i/n/k/./,/P/e/o/p/l/e/ /h/a/v/e/ /s/u/c/h/ /d/i/f/f/e/r/e/n/t/ /u/m/b/r/e/l/l/a/s/./ /T/h/e/ /c/o/l/o/r/s/ /a/r/e/ /n/o/t/ /t/h/e/ /s/a/m/e/./
16,/(/Y/o/u/ /s/t/a/r/e/ /f/o/r/ /a/ /m/o/m/e/n/t/ /a/t/ /t/h/e/ /u/m/b/r/e/l/l/a/ /b/e/i/n/g/ /s/h/a/k/e/n/ /b/y/ /t/h/e/ /w/i/n/d/./)/,/T/h/e/ /b/u/i/l/d/i/n/g/ /l/i/g/h/t/s/ /u/p/ /a/t/ /n/i/g/h/t/./ /T/h/e/ /p/e/o/p/l/e/ /a/r/e/ /p/r/o/b/a/b/l/y/ /w/o/r/k/i/n/g/././
17,/I/ /f/e/e/l/ /l/i/k/e/ /I/'/m/ /g/e/t/t/i/n/g/ /s/o/a/k/e/d/./ /I/ /d/o/n/'/t/ /w/a/n/t/ /t/o/ /s/t/a/y/ /o/u/t/ /t/o/o/ /l/o/n/g/ /b/e/c/a/u/s/e/ /I/ /m/i/g/h/t/ /c/a/t/c/h/ /a/ /c/o/l/d/./,/W/h/e/r/e/ /d/o/ /p/i/g/e/o/n/s/ /c/o/m/e/ /f/r/o/m/?/
18,"/W/h/e/n/ /I/ /w/a/s/ /a/ /k/i/d/,/ /I/ /t/h/o/u/g/h/t/ /t/h/e/ /p/l/a/y/g/r/o/u/n/d/ /w/a/s/ /s/o/ /b/i/g/ /a/n/d/ /s/p/a/c/i/o/u/s/,/ /b/u/t/ /a/t/ /s/o/m/e/ /p/o/i/n/t/,/ /i/t/ /s/t/a/r/t/e/d/ /t/o/ /f/e/e/l/ /s/m/a/l/l/./",/I/ /s/a/w/ /a/ /s/p/a/r/r/o/w/ /s/i/t/t/i/n/g/ /o/n/ /a/ /t/e/l/e/p/h/o/n/e/ /w/i/r/e/ /t/h/e/ /o/t/h/e/r/ /d/a/y/./
19,"/I/ /d/i/d/n/'/t/ /r/e/a/l/i/z/e/ /i/t/,/ /b/u/t/ /m/y/ /b/o/d/y/ /a/n/d/ /m/i/n/d/ /h/a/v/e/ /c/h/a/n/g/e/d/,/ /j/u/s/t/ /l/i/k/e/ /t/h/i/s/ /p/l/a/y/g/r/o/u/n/d/ /h/a/s/./ /","/I/f/ /I/ /m/i/s/s/ /t/h/e/ /b/u/s/ /b/e/f/o/r/e/ /m/y/ /v/e/r/y/ /e/y/e/s/,/ /I/'/l/l/ /h/a/v/e/ /t/o/ /w/a/i/t/ /f/o/r/ /a/ /l/o/n/g/ /t/i/m/e/./"
20,/(/Y/o/u/ /l/o/o/k/ /u/p/ /a/t/ /t/h/e/ /s/k/y/./ /I/t/ /k/e/e/p/s/ /r/a/i/n/i/n/g/./)/,"/I/f/ /I/ /d/o/n/’/t/ /t/h/i/n/k/ /I/ /a/m/ /d/o/i/n/g/ /w/e/l/l/,/ /I/ /w/i/l/l/ /b/e/ /s/a/d/./"
21,/T/h/e/ /w/i/n/d/ /f/e/e/l/s/ /a/ /l/i/t/t/l/e/ /c/h/i/l/l/y/./ /I/t/'/s/ /s/t/a/r/t/i/n/g/ /t/o/ /b/e/ /c/o/o/l/ /o/r/ /c/o/l/d/ /f/o/r/ /m/e/./,/I/ /s/h/o/u/l/d/ /u/s/e/ /t/h/e/ /t/i/m/e/ /g/i/v/e/n/ /t/o/ /m/e/ /w/i/s/e/l/y/./
22,/T/h/e/ /r/a/i/n/ /s/o/u/n/d/s/ /d/i/f/f/e/r/e/n/t/ /t/o/ /i/n/s/i/d/e/ /n/o/w/ /t/h/a/t/ /w/e/'/r/e/ /o/u/t/s/i/d/e/./ /I/t/ /s/t/i/l/l/ /s/o/u/n/d/s/ /j/u/s/t/ /a/s/ /n/i/c/e/ /t/h/o/u/g/h/./,/(/W/a/t/c/h/i/n/g/ /p/e/o/p/l/e/ /e/n/t/e/r/i/n/g/ /t/h/e/ /s/t/o/r/e/./)/ /
23,"/*/F/a/i/n/t/ /t/h/u/n/d/e/r/ /s/o/u/n/d/s/./*/ /E/v/e/n/ /t/h/o/u/g/h/ /i/t/ /s/o/u/n/d/s/ /l/i/k/e/ /t/h/a/t/,/ /I/'/v/e/ /n/e/v/e/r/ /s/e/e/n/ /a/n/y/t/h/i/n/g/ /l/i/k/e/ /i/t/.",/W/e/ /c/a/n/ /b/u/y/ /a/ /v/a/r/i/e/t/y/ /o/f/ /f/u/r/n/i/t/u/r/e/ /i/n/ /t/h/e/ /c/i/t/y/./
24,/S/o/m/e/t/i/m/e/s/ /i/t/'/s/ /g/o/o/d/ /t/o/ /g/o/ /o/u/t/s/i/d/e/ /l/i/k/e/ /t/h/i/s/./,/I/t/’/s/ /n/i/c/e/ /t/o/ /h/a/v/e/ /a/ /p/a/i/n/t/ /s/h/o/p/ /o/n/ /t/h/e/ /f/i/r/s/t/ /f/l/o/o/r/ /a/n/d/ /a/ /f/a/b/r/i/c/ /s/h/o/p/ /o/n/ /t/h/e/ /s/e/c/o/n/d/./
25,"/W/h/e/n/ /I/ /w/a/s/ /y/o/u/n/g/,/ /I/ /w/a/s/ /s/c/a/r/e/d/ /b/e/c/a/u/s/e/ /I/ /w/a/s/ /o/f/t/e/n/ /a/l/o/n/e/ /w/h/e/n/ /i/t/ /r/a/i/n/e/d/./",/I/’/m/ /g/r/a/t/e/f/u/l/ /f/o/r/ /b/e/i/n/g/ /a/b/l/e/ /t/o/ /b/u/y/ /s/o/m/e/t/h/i/n/g/ /s/o/ /c/o/n/v/e/n/i/e/n/t/./ /I/ /d/o/n/’/t/ /l/i/k/e/ /b/e/i/n/g/ /u/n/c/o/m/f/o/r/t/a/b/l/e/./
26,/W/h/e/r/e/ /s/h/o/u/l/d/ /I/ /g/o/ /t/o/ /h/e/a/r/ /t/h/e/ /f/r/o/g/ /c/r/o/a/k/i/n/g/?/ /I/ /t/h/i/n/k/ /i/t/'/s/ /h/i/d/i/n/g/ /s/o/m/e/w/h/e/r/e/./././,"/E/v/e/n/ /i/f/ /y/o/u/ /t/a/l/k/ /w/i/t/h/ /a/ /s/m/i/l/e/,/ /I/ /d/o/n/'/t/ /k/n/o/w/ /w/h/a/t/ /y/o/u/'/r/e/ /t/h/i/n/k/i/n/g/ /b/e/h/i/n/d/ /i/t/./"
27,"/E/v/e/n/ /i/f/ /I/ /s/h/o/u/t/,/ /i/t/'/d/ /b/e/ /d/r/o/w/n/e/d/ /o/u/t/ /b/y/ /t/h/e/ /r/a/i/n/./","/I/ /c/a/n/’/t/ /l/i/v/e/ /w/i/t/h/ /a/ /s/m/i/l/e/ /l/i/k/e/ /a/ /c/l/o/w/n/,/ /M/a/y/b/e/ /i/t/’/s/ /b/e/c/a/u/s/e/ /I/ /d/o/n/’/t/ /w/a/n/t/ /t/o/ /s/m/i/l/e/ /a/n/y/m/o/r/e/./"
28,"/E/v/e/n/ /t/h/o/u/g/h/ /m/y/ /b/o/d/y/'/s/ /c/o/l/d/,/ /I/ /h/o/p/e/ /m/y/ /h/e/a/r/t/ /g/e/t/s/ /w/a/r/m/,/ /w/h/a/t/e/v/e/r/ /i/t/ /i/s/././","/E/v/e/n/ /i/f/ /e/v/e/r/y/o/n/e/ /t/h/i/n/k/s/ /t/h/e/y/’/r/e/ /r/i/g/h/t/,/ /I/ /s/t/i/l/l/ /t/h/i/n/k/ /t/h/a/t/ /i/s/ /w/r/o/n/g/./"
29,/I/t/'/s/ /n/o/t/ /b/a/d/ /t/o/ /c/o/m/e/ /o/u/t/s/i/d/e/ /a/n/d/ /e/n/j/o/y/ /t/h/e/ /s/o/u/n/d/ /o/f/ /r/a/i/n/ /a/n/d/ /t/o/ /s/e/e/ /t/h/e/ /s/c/e/n/e/r/y/./,/I/'/m/ /s/u/r/e/ /s/o/m/e/d/a/y/ /w/e/ /w/i/l/l/ /h/a/v/e/ /c/l/e/a/r/ /s/k/i/e/s/ /i/n/ /t/h/e/ /c/i/t/y/./ /
30,/T/h/e/r/e/ /a/r/e/ /s/o/ /m/a/n/y/ /d/a/r/k/ /c/l/o/u/d/s/ /a/l/l/ /a/c/r/o/s/s/ /t/h/e/ /s/k/y/./,/(/Y/a/w/n/i/n/g/ /w/h/i/l/e/ /l/o/o/k/i/n/g/ /u/p/ /a/t/ /t/h/e/ /s/k/y/./)/
31,"/T/h/e/ /g/o/o/d/ /a/n/d/ /t/h/e/ /b/a/d/ /a/r/e/ /l/i/k/e/ /p/a/r/t/n/e/r/s/,/ /a/l/w/a/y/s/ /f/o/l/l/o/w/i/n/g/ /e/a/c/h/ /o/t/h/e/r/./ /I/ /g/u/e/s/s/ /t/h/a/t/'/s/ /j/u/s/t/ /h/o/w/ /i/t/ /i/s/./././","/I/t/'/s/ /o/k/a/y/./ /I/t/'/s/ /h/a/r/d/,/ /b/u/t/ /i/t/'/s/ /s/t/i/l/l/ /b/e/a/r/a/b/l/e/./"
32,/T/h/e/ /r/a/i/n/ /i/s/ /m/a/k/i/n/g/ /t/h/e/ /g/r/o/u/n/d/ /a/l/l/ /m/u/d/d/y/ /a/n/d/ /i/t/'/s/ /g/e/t/t/i/n/g/ /m/y/ /s/h/o/e/s/ /d/i/r/t/y/./ /I/ /d/o/n/'/t/ /l/i/k/e/ /t/h/a/t/ /a/t/ /a/l/l/./,"/I/t/'/s/ /o/k/a/y/ /n/o/t/ /t/o/ /c/h/a/n/g/e/,/ /e/v/e/n/ /i/f/ /i/t/'/s/ /h/a/r/d/./"
33,/T/h/e/y/ /s/a/y/ /t/h/e/ /r/a/i/n/ /i/s/ /s/o/m/e/o/n/e/'/s/ /t/e/a/r/s/./ /I/ /w/o/n/d/e/r/ /w/h/o/'/s/ /c/r/y/i/n/g/ /s/o/ /s/a/d/l/y/?/,/W/h/a/t/ /d/o/ /I/ /d/o/ /t/o/ /f/i/x/ /a/ /b/r/o/k/e/n/ /h/e/a/r/t/?/ /./././I/ /d/o/n/'/t/ /k/n/o/w/./
34,/N/o/ /o/n/e/ /w/o/u/l/d/ /k/n/o/w/ /i/f/ /I/ /c/r/i/e/d/ /r/i/g/h/t/ /n/o/w/./ /M/y/ /t/e/a/r/s/ /w/o/u/l/d/ /b/e/ /w/a/s/h/e/d/ /a/w/a/y/ /b/y/ /t/h/e/ /r/a/i/n/./,"/I/f/ /y/o/u/’/r/e/ /h/u/n/g/r/y/,/ /y/o/u/ /s/h/o/u/l/d/ /e/a/t/ /s/o/m/e/t/h/i/n/g/./././ /H/m/m/./"
35,/S/e/e/i/n/g/ /a/l/l/ /t/h/i/s/ /r/a/i/n/ /m/a/k/e/s/ /I/ /w/o/n/d/e/r/ /w/h/e/r/e/ /a/l/l/ /t/h/e/ /w/a/t/e/r/ /g/o/e/s/./,"/M/i/s/t/a/k/e/s/ /c/a/n/ /b/e/ /m/a/d/e/,/ /b/u/t/ /i/f/ /i/t/'/s/ /d/e/l/i/b/e/r/a/t/e/,/ /i/t/'/s/ /h/a/r/d/ /t/o/ /b/e/ /f/o/r/g/i/v/e/n/./"
36,/(/Y/o/u/ /l/o/o/k/ /s/i/l/e/n/t/l/y/ /a/t/ /t/h/e/ /f/l/o/w/i/n/g/ /r/a/i/n/w/a/t/e/r/./)/,/I/t/'/s/ /n/e/v/e/r/ /e/a/s/y/ /t/o/ /d/e/a/l/ /w/i/t/h/ /m/y/ /s/u/p/e/r/i/o/r/s/./ /
37,/I/t/ /l/o/o/k/s/ /l/i/k/e/ /s/o/m/e/o/n/e/ /b/u/i/l/t/ /a/ /s/a/n/d/c/a/s/t/l/e/ /i/n/ /t/h/e/ /s/a/n/d/p/i/t/./,/I/ /w/o/n/d/e/r/ /i/f/ /t/h/e/ /a/d/v/e/r/t/i/s/e/m/e/n/t/s/ /o/n/ /t/h/e/ /f/l/y/e/r/ /a/r/e/ /t/r/u/e/./
38,"/T/h/a/t/ /s/a/n/d/c/a/s/t/l/e/ /i/s/ /s/t/r/o/n/g/e/r/ /t/h/a/n/ /I/ /t/h/o/u/g/h/t/./ /E/v/e/n/ /i/n/ /t/h/i/s/ /r/a/i/n/,/ /i/t/ /h/a/s/n/'/t/ /c/o/l/l/a/p/s/e/d/./",/I/ /l/o/o/k/e/d/ /a/t/ /t/h/e/ /g/y/m/ /f/l/y/e/r/ /a/n/d/ /t/h/e/y/ /s/a/i/d/ /I/ /c/o/u/l/d/ /l/o/s/e/ /1/0/k/g/ /a/ /w/e/e/k/./
39,"/P/e/o/p/l/e/'/s/ /m/o/o/d/ /c/a/n/ /c/h/a/n/g/e/ /i/n/ /a/n/ /i/n/s/t/a/n/t/,/ /s/o/ /i/t/'/s/ /h/a/r/d/ /t/o/ /k/n/o/w/ /h/o/w/ /t/h/e/y/'/r/e/ /g/o/i/n/g/ /t/o/ /f/e/e/l/./ /",/I/s/ /t/h/e/r/e/ /a/ /r/e/s/t/a/u/r/a/n/t/ /n/e/a/r/b/y/?/ /I/t/ /s/m/e/l/l/s/ /d/e/l/i/c/i/o/u/s/./
40,/I/ /d/o/n/'/t/ /k/n/o/w/ /w/h/a/t/'/s/ /h/a/p/p/e/n/i/n/g/ /o/n/ /t/h/e/ /o/t/h/e/r/ /s/i/d/e/ /o/f/ /t/h/a/t/ /f/e/n/c/e/./,/(/S/o/u/n/d/s/ /o/f/ /m/u/f/f/l/e/d/ /m/u/s/i/c/./)/ /I/s/ /t/h/a/t/ /m/u/s/i/c/ /c/o/m/i/n/g/ /f/r/o/m/ /t/h/e/ /s/t/o/r/e/?/
41,/T/h/e/ /p/l/a/y/g/r/o/u/n/d/ /f/e/e/l/s/ /d/i/f/f/e/r/e/n/t/ /a/t/ /n/i/g/h/t/ /t/h/a/n/ /i/t/ /d/o/e/s/ /d/u/r/i/n/g/ /t/h/e/ /d/a/y/./,/I/t/'/s/ /c/o/n/v/e/n/i/e/n/t/ /t/o/ /h/a/v/e/ /a/n/ /a/u/t/o/m/a/t/i/c/ /d/o/o/r/./
42,/I/ /t/h/i/n/k/ /t/h/e/ /u/m/b/r/e/l/l/a/ /I/'/m/ /h/o/l/d/i/n/g/ /i/s/ /q/u/i/t/e/ /s/t/r/o/n/g/./,/I/ /a/l/m/o/s/t/ /g/o/t/ /m/y/ /f/i/n/g/e/r/ /c/a/u/g/h/t/ /i/n/ /t/h/e/ /d/o/o/r/ /t/h/e/ /o/t/h/e/r/ /d/a/y/././
43,/I/'/m/ /w/o/r/r/i/e/d/ /t/h/a/t/ /t/h/e/ /s/e/e/s/a/w/'/s/ /g/o/i/n/g/ /t/o/ /r/u/s/t/ /o/r/ /g/e/t/ /d/a/m/a/g/e/d/ /b/e/c/a/u/s/e/ /o/f/ /t/h/e/ /r/a/i/n/./,/R/a/i/n/w/a/t/e/r/ /w/i/l/l/ /r/u/n/ /d/o/w/n/ /t/h/e/ /d/r/a/i/n/s/./
44,"/W/h/e/n/ /I/ /l/o/o/k/ /u/p/ /w/h/i/l/e/ /I/'/m/ /o/n/ /t/h/e/ /s/w/i/n/g/,/ /i/t/ /f/e/e/l/s/ /l/i/k/e/ /I/'/m/ /m/o/v/i/n/g/ /o/n/ /m/y/ /o/w/n/./",/T/h/e/ /t/e/l/e/p/h/o/n/e/ /p/o/l/e/ /i/s/ /s/t/r/o/n/g/./ /I/t/'/s/ /n/o/t/ /s/u/p/p/o/s/e/d/ /t/o/ /b/e/ /s/o/f/t/./
45,/N/o/ /o/n/e/ /w/i/l/l/ /w/a/n/t/ /t/o/ /s/i/t/ /o/n/ /t/h/e/ /b/e/n/c/h/ /i/n/ /t/h/i/s/ /w/e/a/t/h/e/r/./,/H/m/m/././ /w/h/a/t/ /s/h/o/u/l/d/ /w/e/ /d/o/ /n/e/x/t/ /t/i/m/e/?/
46,/(/Y/o/u/ /s/t/a/r/t/ /q/u/i/e/t/l/y/ /s/i/n/g/i/n/g/ /a/ /c/h/i/l/d/r/e/n/'/s/ /s/o/n/g/ /)/T/o/a/d/./ /T/o/a/d/./ /I/'/l/l/ /g/i/v/e/ /y/o/u/ /a/n/ /o/l/d/ /h/o/u/s/e/./ /G/i/v/e/ /m/e/ /a/ /n/e/w/ /o/n/e/./,/I/f/ /I/ /p/u/t/ /m/y/ /m/i/n/d/ /t/o/ /i/t/ /a/n/d/ /f/o/c/u/s/././ /H/m/m/././
47,"/W/h/e/n/e/v/e/r/ /I/ /g/o/ /t/o/ /t/h/e/ /m/a/r/k/e/t/ /a/t/ /n/i/g/h/t/,/ /t/h/e/r/e/'/s/ /a/l/w/a/y/s/ /s/o/m/e/ /d/e/l/i/c/i/o/u/s/ /f/o/o/d/ /b/e/i/n/g/ /s/o/l/d/./",/I/ /t/h/i/n/k/ /t/h/e/ /l/i/g/h/t/ /i/n/ /t/h/e/ /w/i/n/d/o/w/ /m/a/k/e/s/ /t/h/e/ /n/i/g/h/t/ /b/r/i/g/h/t/e/r/./
48,"/W/h/e/n/ /I/ /s/e/e/ /t/h/e/ /l/i/g/h/t/s/ /i/n/ /t/h/e/ /n/i/g/h/t/ /m/a/r/k/e/t/,/ /I/ /f/e/e/l/ /s/o/ /w/a/r/m/ /h/e/a/r/t/./",/I/f/ /I/ /c/r/o/s/s/ /t/h/e/ /s/t/r/e/e/t/ /a/n/d/ /m/y/ /u/m/b/r/e/l/l/a/ /f/l/i/p/s/ /o/v/e/r/././ /I/'/m/ /g/o/i/n/g/ /t/o/ /f/e/e/l/ /r/e/a/l/l/y/ /b/a/d/./
49,/I/t/'/d/ /b/e/ /n/i/c/e/ /i/f/ /t/h/e/r/e/ /w/e/r/e/ /m/o/r/e/ /o/f/ /t/h/o/s/e/ /l/i/t/t/l/e/ /l/i/g/h/t/s/./,"/I/f/ /I/ /g/o/ /t/o/ /t/h/e/ /c/a/f/e/,/ /I/ /c/a/n/ /d/r/i/n/k/ /c/o/f/f/e/e/./"
50,/I/t/'/s/ /h/a/r/d/ /t/o/ /j/u/s/t/ /s/h/a/k/e/ /o/f/f/ /m/y/ /d/e/p/r/e/s/s/i/o/n/ /i/f/ /I/'/m/ /h/i/d/d/e/n/ /a/w/a/y/ /i/n/ /s/o/m/e/ /c/o/r/n/e/r/ /b/y/ /m/y/s/e/l/f/./ /M/a/y/b/e/ /I/ /s/h/o/u/l/d/ /l/i/v/e/ /w/i/t/h/ /d/e/p/r/e/s/s/i/o/n/ /t/o/g/e/t/h/e/r/.,/I/ /l/i/k/e/ /t/h/e/ /s/u/b/t/l/e/ /a/r/o/m/a/ /o/f/ /c/o/f/f/e/e/./
51,/S/h/o/u/l/d/ /I/ /l/e/t/ /s/o/m/e/o/n/e/ /k/n/o/w/ /t/h/a/t/ /I/'/m/ /t/h/i/n/k/i/n/g/ /a/b/o/u/t/ /s/a/d/ /t/h/i/n/g/s/ /a/l/l/ /t/h/e/ /t/i/m/e/?/,"/I/ /u/s/e/d/ /t/h/e/ /c/i/t/y/ /w/a/s/ /f/u/l/l/ /o/f/ /s/c/a/r/y/ /p/e/o/p/l/e/,/ /b/u/t/ /t/h/a/t/'/s/ /n/o/t/ /t/r/u/e/./"
52,"/I/f/ /I/ /d/o/n/'/t/ /h/a/v/e/ /t/o/ /d/o/ /s/o/m/e/t/h/i/n/g/,/ /i/s/ /i/t/ /o/k/a/y/ /n/o/t/ /t/o/ /d/o/ /i/t/?/ /",/I/ /s/h/o/u/l/d/ /b/e/ /m/o/r/e/ /c/a/r/e/f/u/l/ /i/n/ /d/a/r/k/ /a/l/l/e/y/s/./
53,/T/h/e/y/'/r/e/ /s/e/l/l/i/n/g/ /a/ /l/o/t/ /o/f/ /t/h/i/n/g/s/ /a/t/ /t/h/e/ /m/a/r/k/e/t/./ /I/'/l/l/ /t/a/k/e/ /a/ /l/o/o/k/ /a/r/o/u/n/d/ /l/a/t/e/r/./,/I/t/'/s/ /h/a/r/d/ /t/o/ /w/a/l/k/ /w/h/e/n/ /i/t/'/s/ /c/r/o/w/d/e/d/./
54,/I/ /t/h/i/n/k/ /h/a/v/i/n/g/ /a/ /p/e/t/ /w/i/l/l/ /c/h/a/n/g/e/ /t/h/e/ /a/t/m/o/s/p/h/e/r/e/ /i/n/ /t/h/e/ /h/o/u/s/e/./,/E/v/e/r/y/o/n/e/ /i/n/ /t/h/e/ /c/i/t/y/ /w/a/l/k/s/ /b/u/s/i/l/y/./
55,/(/Y/o/u/ /a/r/e/ /l/o/o/k/i/n/g/ /a/t/ /s/o/m/e/t/h/i/n/g/./)/ /T/h/e/r/e/'/s/ /a/ /s/n/a/i/l/ /o/n/ /t/h/a/t/ /p/i/l/l/a/r/ /o/v/e/r/ /t/h/e/r/e/./,/(/W/a/t/c/h/i/n/g/ /g/a/r/b/a/g/e/ /r/o/l/l/i/n/g/ /d/o/w/n/ /t/h/e/ /s/t/r/e/e/t/)/
56,/S/n/a/i/l/s/ /r/e/a/c/h/ /a/t/ /s/o/m/e/d/a/y/ /t/h/e/i/r/ /d/e/s/t/i/n/a/t/i/o/n/ /n/o/ /m/a/t/t/e/r/ /h/o/w/ /s/l/o/w/ /t/h/e/y/ /c/r/a/w/l/./,/I/ /t/h/i/n/k/ /i/t/'/s/ /n/i/c/e/ /t/o/ /w/a/t/c/h/ /p/e/o/p/l/e/ /i/n/ /t/h/e/ /c/i/t/y/ /l/i/k/e/ /t/h/i/s/./
57,"/S/o/m/e/t/i/m/e/s/ /i/t/'/s/ /b/e/t/t/e/r/ /t/o/ /b/e/ /f/a/s/t/,/ /a/n/d/ /s/o/m/e/t/i/m/e/s/ /i/t/'/s/ /b/e/t/t/e/r/ /t/o/ /b/e/ /s/l/o/w/./",/W/h/y/ /d/o/ /t/h/e/y/ /r/a/i/s/e/ /t/h/e/i/r/ /v/o/i/c/e/ /w/h/e/n/ /t/h/e/y/ /t/a/l/k/ /o/n/ /t/h/e/ /p/h/o/n/e/?/ /H/m/m/././
58,/W/h/e/n/e/v/e/r/ /I/ /w/a/t/c/h/ /t/h/e/ /r/a/i/n/ /f/a/l/l/. /(/Y/o/u/ /g/e/t/ /l/o/s/t/ /i/n/ /y/o/u/r/ /t/h/o/u/g/h/t/s/./)/,"/I/t/’/s/ /n/i/c/e/ /f/r/o/m/ /a/f/a/r/,/ /b/u/t/ /i/t/'/s/ /d/i/f/f/e/r/e/n/t/ /f/r/o/m/ /u/p/ /c/l/o/s/e/./"
59,"/I/f/ /y/o/u/ /r/i/d/e/ /t/h/e/ /s/e/e/s/a/w/ /w/r/o/n/g/,/ /y/o/u/r/ /b/u/t/t/ /h/u/r/t/s/./ /I/t/'/s/ /i/n/t/e/r/e/s/t/i/n/g/,/ /b/u/t/ /i/t/'/s/ /s/c/a/r/y/ /s/o/m/e/t/i/m/e/./",/W/e/a/r/i/n/g/ /w/h/i/t/e/ /s/n/e/a/k/e/r/s/ /o/n/ /a/ /r/a/i/n/y/ /d/a/y/./././
60,"/W/h/e/n/ /I/ /w/a/s/ /a/ /k/i/d/,/ /I/ /d/i/d/n/'/t/ /k/n/o/w/ /h/o/w/ /p/u/s/h/ /m/y/s/e/l/f/ /o/n/ /t/h/e/ /s/w/i/n/g/s/,/ /s/o/ /s/o/m/e/o/n/e/ /u/s/e/d/ /t/o/ /h/e/l/p/ /p/u/s/h/ /m/e/ /f/r/o/m/ /b/e/h/i/n/d/./ /I/ /m/i/s/s/ /t/h/a/t/./","/I/'/v/e/ /o/n/l/y/ /e/v/e/r/ /t/h/o/u/g/h/t/ /a/b/o/u/t/ /o/n/l/y/ /m/e/,/ /b/u/t/ /s/e/e/i/n/g/ /o/t/h/e/r/ /p/e/o/p/l/e/ /m/a/k/e/s/ /m/e/ /t/h/i/n/k/ /d/i/f/f/e/r/e/n/t/l/y/./"
61,/T/h/e/ /p/l/a/y/g/r/o/u/n/d/ /b/r/i/n/g/s/ /b/a/c/k/ /s/o/ /m/a/n/y/ /c/h/i/l/d/h/o/o/d/ /m/e/m/o/r/i/e/s/./,"/Y/o/u/ /k/n/o/w/?/ /w/h/e/n/ /I/ /f/e/e/l/ /s/t/i/c/k/y/,/ /I/ /h/a/t/e/ /e/v/e/r/y/t/h/i/n/g/./ /&/#/6/5/0/3/9/;/"
62,/S/o/m/e/t/i/m/e/s/ /t/h/e/y/ /s/e/l/l/ /p/a/i/n/t/i/n/g/s/ /a/t/ /t/h/e/ /m/a/r/k/e/t/./ /H/m/m/.,/T/h/e/ /w/a/t/e/r/ /a/l/m/o/s/t/ /s/p/i/l/l/e/d/./ /I/ /h/a/v/e/ /t/o/ /b/e/ /c/a/r/e/f/u/l/./
63,"/I/ /c/a/n/'/t/ /t/a/l/k/ /i/n/ /t/h/e/ /m/a/r/k/e/t/,/ /b/u/t/ /I/ /c/a/n/ /t/a/l/k/ /i/n/ /t/h/e/ /p/l/a/y/g/r/o/u/n/d/./",/L/i/s/t/e/n/i/n/g/ /t/o/ /c/l/a/s/s/i/c/a/l/ /m/u/s/i/c/ /o/n/ /a/ /r/a/i/n/y/ /d/a/y/ /m/a/k/e/s/ /m/e/ /f/e/e/l/ /b/e/t/t/e/r/./ /
64,"/S/o/m/e/t/i/m/e/s/ /t/h/e/r/e/ /a/r/e/ /l/e/a/v/e/s/ /o/n/ /t/h/e/ /f/l/o/o/r/ /a/r/o/u/n/d/ /t/h/e/ /p/l/a/y/g/r/o/u/n/d/./ /I/f/ /I/ /p/i/c/k/ /t/h/e/m/ /u/p/,/ /g/o/o/d/ /t/h/i/n/g/s/ /h/a/p/p/e/n/./",/T/h/e/r/e/ /a/r/e/ /a/l/w/a/y/s/ /o/b/s/t/a/c/l/e/s/ /i/n/ /t/h/e/ /w/a/y/ /o/f/ /a/c/h/i/e/v/e/m/e/n/t/./
65,/T/h/e/ /r/a/i/n/ /t/h/a/t/'/s/ /c/o/m/i/n/g/ /n/o/w/ /d/o/e/s/n/'/t/ /c/h/a/n/g/e/ /o/v/e/r/ /t/i/m/e/./,/I/t/ /d/e/p/e/n/d/s/ /o/n/ /h/o/w/ /I/ /o/v/e/r/c/o/m/e/ /i/t/./
66,"/W/h/e/n/ /I/ /c/o/m/e/ /o/u/t/ /a/t/ /n/i/g/h/t/,/ /s/o/m/e/t/i/m/e/s/ /I/ /f/e/e/l/ /l/i/k/e/ /I/ /h/e/a/r/ /c/r/i/c/k/e/t/s/ /c/h/i/r/p/i/n/g/./",/T/h/e/r/e/’/s/ /n/o/t/ /a/s/ /m/a/n/y/ /t/r/e/e/s/ /i/n/ /t/h/e/ /c/i/t/y/ /a/s/ /t/h/e/r/e/ /a/r/e/ /a/t/ /t/h/e/ /p/a/r/k/./
67,"/I/f/ /y/o/u/ /w/a/n/t/ /h/a/p/p/i/n/e/s/s/,/ /y/o/u/'/l/l/ /h/a/v/e/ /t/o/ /f/i/n/d/ /i/t/./ /B/u/t/ /I/ /d/o/n/'/t/ /k/n/o/w/ /w/h/e/r/e/ /i/t/ /i/s/./","/I/t/ /d/o/e/s/n/’/t/ /h/u/r/t/ /w/h/e/n/ /y/o/u/ /f/a/l/l/ /d/o/w/n/ /i/n/ /t/h/e/ /s/t/r/e/e/t/,/ /b/u/t/ /i/t/'/s/ /e/m/b/a/r/r/a/s/s/i/n/g/./"
68,/I/ /h/e/a/r/d/ /t/h/e/r/e/'/s/ /a/ /w/a/l/k/i/n/g/ /t/r/a/i/l/ /n/e/a/r/b/y/./ /H/m/././,/S/o/m/e/t/i/m/e/s/ /t/h/e/ /s/i/d/e/w/a/l/k/ /b/l/o/c/k/s/ /a/r/e/ /d/a/m/a/g/e/d/./ /I/t/ /l/o/o/k/s/ /d/a/n/g/e/r/o/u/s/./
69,/M/a/y/b/e/ /I/ /c/a/n/ /g/o/ /t/o/ /t/h/e/ /c/i/t/y/ /l/a/t/e/r/./ /,/T/h/e/r/e/ /a/r/e/ /d/a/y/s/ /w/h/e/r/e/ /I/ /d/o/n/'/t/ /w/a/n/t/ /t/o/ /l/i/f/t/ /a/ /f/i/n/g/e/r/ /a/t/ /a/l/l/./
70,"/I/f/ /I/ /s/e/t/ /a/ /p/e/r/s/o/n/a/l/ /r/u/l/e/ /f/o/r/ /m/y/s/e/l/f/,/ /I/ /n/e/e/d/ /t/o/ /f/o/l/l/o/w/ /i/t/./ /I/t/'/s/ /w/o/r/t/h/ /i/t/ /i/n/ /t/h/e/ /l/o/n/g/ /r/u/n/./ /",/I/ /h/a/t/e/ /i/t/ /w/h/e/n/ /s/o/m/e/b/o/d/y/ /a/s/k/s/ /m/e/ /t/o/ /d/o/ /s/o/m/e/t/h/i/n/g/ /I/ /d/o/n/’/t/ /w/a/n/t/ /t/o/ /d/o/./ /
71,/T/h/e/ /a/i/r/ /s/m/e/l/l/s/ /s/o/ /c/l/e/a/n/ /w/h/e/n/ /i/t/ /r/a/i/n/s/./ /A/l/l/ /t/h/e/ /d/u/s/t/ /g/e/t/s/ /w/a/s/h/e/d/ /a/w/a/y/ /a/n/d/ /i/t/ /m/a/k/e/s/ /m/e/ /f/e/e/l/ /s/o/ /f/r/e/s/h/./ /,/W/h/e/r/e/ /d/o/e/s/ /t/h/e/ /c/l/o/u/d/ /e/n/d/?/
72,"/N/o/ /o/n/e/ /k/n/o/w/s/ /w/h/a/t/ /t/h/e/ /f/u/t/u/r/e/ /h/o/l/d/s/,/ /s/o/ /I/ /t/h/i/n/k/ /m/o/s/t/ /p/e/o/p/l/e/ /a/r/e/ /e/x/c/i/t/e/d/ /a/n/d/ /w/o/r/r/i/e/d/ /a/b/o/u/t/ /i/t/ /a/t/ /t/h/e/ /s/a/m/e/ /t/i/m/e/",/Y/o/u/ /h/a/v/e/ /t/o/ /w/a/l/k/ /c/a/r/e/f/u/l/l/y/ /i/n/ /f/o/g/g/y/ /w/e/a/t/h/e/r/./
73,/W/h/a/t/'/s/ //c/u/r/i/o/s/i/t/y//?/ /I/ /r/e/a/l/l/y/ /h/a/v/e/ /n/o/ /i/d/e/a/ /w/h/a/t/ /t/h/a/t/ /w/o/r/d/ /m/e/a/n/s/./ /,/B/u/s/y/ /c/a/r/s/././ /B/u/s/y/ /p/e/o/p/l/e/./././ /B/u/s/y/ /w/o/r/l/d/././
74,"/S/o/m/e/ /p/e/o/p/l/e/ /l/i/k/e/ /r/a/i/n/,/ /a/n/d/ /s/o/m/e/ /p/e/o/p/l/e/ /d/o/n/'/t/./",/I/ /f/e/e/l/././ /b/a/d/ /t/h/a/t/ /I/ /c/a/n/’/t/ /d/o/ /a/n/y/t/h/i/n/g/ /f/o/r/ /y/o/u/./././
75,/M/a/y/b/e/ /o/n/e/ /d/a/y/ /I/'/l/l/ /l/o/o/k/ /b/a/c/k/ /a/n/d/ /m/i/s/s/ /t/h/i/s/ /m/o/m/e/n/t/./ /M/a/y/b/e/ /o/n/e/ /d/a/y/././,/T/h/e/ /g/a/r/b/a/g/e/ /i/s/ /o/v/e/r/f/l/o/w/i/n/g/ /b/u/t/ /t/h/e/r/e/ /a/r/e/ /f/e/w/e/r/ /a/n/d/ /f/e/w/e/r/ /p/l/a/c/e/s/ /t/o/ /h/o/l/d/ /i/t/ /a/l/l/./
76,"/E/v/e/n/ /i/f/ /y/o/u/ /m/e/e/t/ /s/o/m/e/o/n/e/,/ /t/h/e/r/e/'/s/ /s/t/i/l/l/ /a/ /c/h/a/n/c/e/ /y/o/u/'/l/l/ /b/r/e/a/k/ /u/p/ /w/i/t/h/ /t/h/e/m/./ /T/h/e/ /s/a/m/e/ /g/o/e/s/ /f/o/r/ /u/s/ /t/o/o/./",/I/t/'/s/ /l/i/k/e/ /e/v/e/r/y/o/n/e/'/s/ /t/r/a/p/p/e/d/ /i/n/ /t/h/e/ /c/i/t/y/ /u/n/d/e/r/ /a/ /t/a/n/g/l/e/d/ /t/e/l/e/p/h/o/n/e/ /w/i/r/e/./
77,"/I/f/ /y/o/u/'/r/e/ /h/u/n/g/r/y/,/ /y/o/u/ /c/a/n/ /b/u/y/ /s/o/m/e/ /s/n/a/c/k/s/ /a/t/ /t/h/e/ /n/i/g/h/t/ /m/a/r/k/e/t/./","/I/f/ /y/o/u/ /g/o/ /t/o/ /a/ /b/i/g/ /c/i/t/y/,/ /b/e/ /c/a/r/e/f/u/l/ /n/o/t/ /t/o/ /g/e/t/ /l/o/s/t/./"
78,/I/ /r/e/m/e/m/b/e/r/ /s/e/e/i/n/g/ /t/h/e/ /M/i/l/k/y/ /W/a/y/ /i/n/ /t/h/e/ /c/l/e/a/r/ /n/i/g/h/t/ /s/k/y/ /o/u/t/ /i/n/ /t/h/e/ /c/o/u/n/t/r/y/s/i/d/e/ /w/h/e/n/ /I/ /w/a/s/ /y/o/u/n/g/./ /I/ /c/a/n/'/t/ /s/e/e/ /i/t/ /n/o/w/ /t/h/o/u/g/h/./,/I/'/v/e/ /s/e/e/n/ /b/u/i/l/d/i/n/g/s/ /c/o/l/l/a/p/s/e/ /i/n/ /m/y/ /d/r/e/a/m/s/././ /I/ /w/a/s/ /s/c/a/r/e/d/./
79,"/I/f/ /y/o/u/ /l/o/o/k/ /a/t/ /t/h/e/ /d/e/w/ /o/n/ /t/h/e/ /g/r/a/s/s/,/ /y/o/u/ /c/a/n/ /s/e/e/ /i/t/ /r/o/l/l/i/n/g/ /o/f/f/./","/T/h/e/ /o/t/h/e/r/ /d/a/y/,/ /s/o/m/e/o/n/e/ /a/s/k/e/d/ /m/e/ /f/o/r/ /d/i/r/e/c/t/i/o/n/s/,/ /b/u/t/ /I/ /d/i/d/n/’/t/ /k/n/o/w/,/ /s/o/ /I/ /c/o/u/l/d/n/’/t/ /h/e/l/p/./"
80,"/I/f/ /I/ /k/e/e/p/ /s/t/a/n/d/i/n/g/ /h/e/r/e/,/ /I/ /c/a/n/ /r/e/a/l/l/y/ /g/e/t/ /a/ /g/o/o/d/ /s/m/e/l/l/ /o/f/ /t/h/e/ /r/a/i/n/./ /I/t/'/s/ /n/o/t/ /a/s/ /b/a/d/ /a/s/ /I/'/d/ /t/h/i/n/k/./",/T/h/i/s/ /i/s/ /g/o/i/n/g/ /t/o/ /b/e/ /a/ /v/a/l/u/a/b/l/e/ /m/o/m/e/n/t/ /f/o/r/ /s/o/m/e/o/n/e/./
81,/H/o/w/ /l/o/n/g/ /h/a/v/e/ /y/o/u/ /a/n/d/ /I/ /b/e/e/n/ /w/i/t/h/ /y/o/u/ /n/o/w/?/ /H/m/././,/T/h/e/r/e/ /a/r/e/ /p/l/e/n/t/y/ /o/f/ /p/e/o/p/l/e/ /w/h/o/ /w/a/n/t/ /t/o/ /r/e/l/a/x/./ /I/t/’/s/ /a/ /p/i/t/y/ /t/h/e/y/ /c/a/n/'/t/ /r/e/l/a/x/./
82,"/I/f/ /I/ /k/e/e/p/ /f/i/x/a/t/i/n/g/ /o/n/ /a/ /s/p/e/c/i/f/i/c/ /t/h/o/u/g/h/t/,/ /i/s/ /t/h/a/t/ /a/ /g/o/o/d/ /o/r/ /b/a/d/ /t/h/i/n/g/?/",/W/e/ /c/a/n/’/t/ /k/n/o/w/ /e/v/e/r/y/t/h/i/n/g/./ /W/e/ /c/a/n/ /g/e/t/ /t/o/ /k/n/o/w/ /i/t/ /s/l/o/w/l/y/./
83,/I/t/'/l/l/ /b/e/ /h/a/r/d/ /t/o/ /p/l/a/y/ /o/n/ /a/n/y/t/h/i/n/g/ /i/n/ /t/h/e/ /p/l/a/y/g/r/o/u/n/d/ /u/n/l/e/s/s/ /t/h/e/ /r/a/i/n/ /s/t/o/p/s/./,/H/o/w/ /m/a/n/y/ /p/e/o/p/l/e/ /a/r/e/ /j/u/s/t/ /p/a/s/s/i/n/g/ /b/y/?/
84,/(/Y/o/u/ /w/a/t/c/h/ /r/a/i/n/d/r/o/p/s/ /r/o/l/l/i/n/g/ /o/f/f/ /t/h/e/ /u/m/b/r/e/l/l/a/./)/,"/T/h/e/ /r/o/a/d/ /i/s/ /m/o/r/e/ /s/l/i/p/p/e/r/y/ /t/h/a/n/ /I/ /t/h/o/u/g/h/t/,/ /s/o/ /I/ /h/a/v/e/ /t/o/ /b/e/ /c/a/r/e/f/u/l/./"
85,"/I/t/'/s/ /a/l/w/a/y/s/ /n/i/c/e/ /t/o/ /g/o/ /v/i/s/i/t/ /a/ /p/l/a/y/g/r/o/u/n/d/,/ /w/h/e/t/h/e/r/ /p/r/e/s/e/n/t/ /a/n/d/ /p/a/s/t/./",/I/ /t/h/i/n/k/ /t/h/e/r/e/'/s/ /a/ /l/o/t/ /o/f/ /p/e/o/p/l/e/ /l/i/v/i/n/g/ /i/n/ /t/h/e/ /O/f/f/i/c/e/t/e/l/s/./
86,/I/ /w/a/n/t/ /k/i/d/s/ /t/o/ /s/t/a/y/ /s/a/f/e/ /a/n/d/ /h/e/a/l/t/h/y/ /w/h/i/l/e/ /t/h/e/y/ /r/u/n/ /a/r/o/u/n/d/ /t/h/e/ /p/l/a/y/g/r/o/u/n/d/./,/T/a/l/l/ /b/u/i/l/d/i/n/g/s/././////// /S/m/a/l/l/ /b/u/i/l/d/i/n/g/s/././ /T/h/e/ /p/e/o/p/l/e/ /w/h/o/ /a/r/e/ /l/i/v/i/n/g/ /i/n/s/i/d/e/././
87,"/P/e/o/p/l/e/ /s/a/y/ /i/f/ /y/o/u/'/r/e/ /s/a/d/,/ /y/o/u/ /n/e/e/d/ /t/o/ /p/u/s/h/ /t/h/r/o/u/g/h/ /i/t/./ /B/u/t/ /I/ /d/o/n/'/t/ /t/h/i/n/k/ /t/h/a/t/ /a/l/l/./",/W/h/o/ /i/s/ /t/h/e/ /o/w/n/e/r/ /o/f/ /s/o/ /m/a/n/y/ /b/u/i/l/d/i/n/g/s/?/ /I/'/m/ /c/u/r/i/o/u/s/./
88,"/I/f/ /i/t/'/s/ /p/u/s/h/i/n/g/ /i/t/ /i/f/ /y/o/u/ /m/a/k/e/ /m/e/ /d/o/ /s/o/m/e/t/h/i/n/g/,/ /t/h/a/t/'/s/ /s/t/e/p/p/i/n/g/ /o/v/e/r/ /t/h/e/ /l/i/n/e/./","/T/h/e/r/e/'/s/ /a/ /h/o/u/s/e/ /w/h/e/r/e/ /y/o/u/ /c/a/n/ /r/e/l/a/x/,/ /b/u/t/ /i/t/'/s/ /n/o/t/ /y/o/u/r/ /o/w/n/./"
89,/I/ /d/o/n/'/t/ /t/h/i/n/k/ /i/t/'/s/ /g/o/o/d/ /t/o/ /c/o/n/s/i/d/e/r/ /s/o/m/e/t/h/i/n/g/ /a/s/ /w/r/o/n/g/ /j/u/s/t/ /b/e/c/a/u/s/e/ /i/t/'/s/ /d/i/f/f/e/r/e/n/t/ /t/h/i/n/k/s/./,/C/a/n/'/t/ /e/v/e/r/y/o/n/e/ /j/u/s/t/ /h/a/v/e/ /a/ /h/a/p/p/y/ /d/a/y/?/
90,/T/h/e/r/e/ /i/s/ /a/ /d/i/f/f/e/r/e/n/c/e/ /e/a/c/h/ /p/e/o/p/l/e/'/s/ /l/i/f/e/./ /S/o/ /I/'/m/ /l/i/v/i/n/g/ /l/i/k/e/ /t/h/i/s/ /n/o/w/./,"/T/h/e/r/e/'/s/ /a/ /c/l/e/a/n/ /s/i/d/e/ /o/f/ /t/h/e/ /c/i/t/y/,/ /a/n/d/ /t/h/e/r/e/'/s/ /a/ /d/i/r/t/y/ /s/i/d/e/ /b/e/h/i/n/d/ /i/t/./"
91,/T/a/k/i/n/g/ /a/ /w/a/l/k/ /i/n/ /t/h/e/ /r/a/i/n/ /a/l/w/a/y/s/ /m/a/k/e/s/ /m/e/ /f/e/e/l/ /l/i/k/e/ /I/'/m/ /a/ /n/e/w/ /p/e/r/s/o/n/./,/I/ /t/h/i/n/k/ /I/’/l/l/ /b/e/ /l/e/s/s/ /s/w/e/a/t/y/ /i/f/ /I/ /g/o/ /s/o/m/e/w/h/e/r/e/ /c/o/o/l/./
92,"/I/t/'/s/ /f/e/e/l/s/ /g/o/o/d/ /t/o/ /b/e/ /w/i/t/h/ /s/o/m/e/b/o/d/y/,/ /w/h/e/t/h/e/r/ /I/'/m/ /h/a/p/p/y/ /o/r/ /s/a/d/./","/I/f/ /I/ /h/o/l/d/ /b/a/c/k/ /m/y/ /t/e/a/r/s/,/ /I/ /m/i/g/h/t/ /f/o/r/g/e/t/ /h/o/w/ /t/o/ /c/r/y/./"
93,/I/t/'/s/ /n/o/t/ /n/i/c/e/ /t/o/ /c/o/m/f/o/r/t/ /s/o/m/e/o/n/e/ /t/h/e/y/ /w/a/n/t/ /t/o/ /b/e/ /a/l/o/n/e/./ /,"/P/e/o/p/l/e/ /h/a/v/e/ /t/o/l/d/ /m/e/ /t/o/ /l/a/u/g/h/ /w/h/e/n/ /I/'/m/ /s/a/d/,/ /b/u/t/./././ /D/o/e/s/ /t/h/a/t/ /r/e/a/l/l/y/ /w/o/r/k/?/"
94,/I/ /d/o/n/'/t/ /k/n/o/w/ /w/h/a/t/ /I/ /s/h/o/u/l/d/ /d/o/ /i/f/ /I/ /h/a/v/e/ /a/n/ /i/d/e/a/./,"/(/Y/o/u/'/r/e/ /l/o/o/k/i/n/g/ /a/t/ /t/h/e/ /m/u/d/d/y/ /b/o/o/t/s/./)/ /I/f/ /I/ /w/a/l/k/ /a/r/o/u/n/d/ /o/u/t/s/i/d/e/,/ /I/ /g/e/t/ /d/i/r/t/y/ /q/u/i/c/k/l/y/./"
95,"/I/f/ /I/'/m/ /i/n/ /a/ /b/a/d/ /m/o/o/d/,/ /j/u/s/t/ /l/o/o/k/ /a/t/ /t/h/e/ /r/a/i/n/ /f/a/l/l/i/n/g/ /f/r/o/m/ /t/h/e/ /s/k/y/./",/I/ /w/a/n/t/ /t/o/ /e/n/c/o/u/r/a/g/e/ /y/o/u/ /s/o/m/e/t/h/i/n/g/././ /B/u/t/ /i/t/ /c/o/u/l/d/ /b/a/c/k/f/i/r/e/././
96,/N/o/t/ /e/v/e/r/y/t/h/i/n/g/ /y/o/u/ /s/a/y/ /c/a/n/ /b/e/ /t/r/u/e/ /b/e/c/a/u/s/e/ /n/o/t/h/i/n/g/ /c/a/n/ /b/e/ /p/e/r/f/e/c/t/./,/I/ /s/e/e/ /p/e/o/p/l/e/ /s/t/o/p/p/i/n/g/ /o/n/ /t/h/e/ /s/t/r/e/e/t/./
97,/I/t/'/d/ /b/e/ /g/o/o/d/ /t/o/ /k/e/e/p/ /i/n/ /t/o/u/c/h/./ /I/ /c/a/n/ /a/s/k/ /y/o/u/ /h/o/w/ /y/o/u/'/r/e/ /d/o/i/n/g/./,"/I/t/’/s/ /g/o/o/d/ /t/h/a/t/ /i/t/’/s/ /c/o/n/v/e/n/i/e/n/t/,/ /b/u/t/ /o/n/ /t/h/e/ /o/t/h/e/r/ /h/a/n/d/,/ /i/t/ /f/e/e/l/s/ /l/i/k/e/ /I/ /l/o/s/t/ /s/o/m/e/t/h/i/n/g/./ /"
98,/T/h/e/ /p/l/a/y/g/r/o/u/n/d/ /f/e/e/l/s/ /s/o/ /g/l/o/o/m/y/ /w/h/e/n/ /i/t/ /r/a/i/n/s/./,"/I/f/ /I/ /h/a/v/e/ /a/ /t/a/l/e/n/t/,/ /s/h/o/u/l/d/ /I/ /s/a/v/e/ /i/t/?/"
99,"/E/v/e/n/ /t/h/o/u/g/h/ /t/h/i/s/ /w/e/r/e/ /a/ /p/l/a/y/g/r/o/u/n/d/ /o/f/ /b/r/i/g/h/t/ /a/p/p/e/a/r/a/n/c/e/,/ /n/o/ /o/n/e/ /c/o/m/i/n/g/ /i/f/ /i/t/'/s/ /r/a/i/n/i/n/g/./",/W/h/a/t/ /w/o/u/l/d/ /i/t/ /f/e/e/l/ /l/i/k/e/ /t/o/ /k/n/o/w/ /t/h/a/t/ /e/v/e/r/y/t/h/i/n/g/ /y/o/u/ /k/n/o/w/ /i/s/ /a/ /l/i/e/?/
100,/S/e/e/i/n/g/ /k/i/d/s/ /r/u/n/n/i/n/g/ /a/r/o/u/n/d/ /a/n/d/ /p/l/a/y/i/n/g/ /m/a/k/e/s/ /m/e/ /f/e/e/l/ /h/a/p/p/y/./,"/W/h/e/n/ /i/t/ /r/a/i/n/s/,/ /b/i/r/d/s/ /d/o/n/'/t/ /s/e/e/m/ /t/o/ /b/e/ /f/r/e/e/./ /T/h/e/y/ /c/a/n/'/t/ /f/l/y/ /b/e/c/a/u/s/e/ /t/h/e/i/r/ /w/i/n/g/s/ /a/r/e/ /w/e/t/./"
101,/(/Y/o/u/ /s/t/a/r/e/ /r/a/i/n/d/r/o/p/s/ /s/t/e/a/d/i/l/y/ /h/i/t/ /t/h/e/ /g/r/o/u/n/d/./)/,/I/f/ /I/ /g/e/t/ /b/e/t/r/a/y/e/d/ /b/y/ /s/o/m/e/o/n/e/ /I/ /t/r/u/s/t/e/d/./././ /I/ /t/h/i/n/k/ /I/ /w/o/u/l/d/ /b/e/ /v/e/r/y/ /s/a/d/./
102,/T/h/e/ /r/a/i/n/ /t/o/ /c/o/o/l/ /o/f/f/ /i/s/ /l/i/k/e/ /a/ /l/i/t/t/l/e/ /g/i/f/t/./,/(/L/o/o/k/ /u/p/ /a/n/d/ /c/l/o/s/e/ /y/o/u/r/ /e/y/e/s/./)/
103,/I/t/'/l/l/ /o/n/l/y/ /g/e/t/ /c/o/l/d/e/r/ /i/f/ /i/t/ /r/a/i/n/s/ /o/n/ /a/ /c/h/i/l/l/y/ /d/a/y/./ /T/h/e/n/ /I/t/'/d/ /m/a/k/e/ /i/t/ /e/a/s/i/e/r/ /f/o/r/ /m/e/ /t/o/ /c/a/t/c/h/ /a/ /c/o/l/d/./,/I/ /w/a/s/ /i/g/n/o/r/e/d/ /w/h/e/n/ /I/ /t/r/i/e/d/ /t/o/ /a/s/k/ /f/o/r/ /d/i/r/e/c/t/i/o/n/s/ /i/n/ /a/ /p/l/a/c/e/ /I/ /d/i/d/n/'/t/ /k/n/o/w/././ /H/m/m/././
104,/A/c/h/o/o/!/ /(/f/e/e/l/s/ /e/m/b/a/r/r/a/s/s/e/d/ /a/b/o/u/t/ /s/n/e/e/z/i/n/g/./)/,/A/r/e/ /i/g/n/o/r/a/n/t/ /p/e/o/p/l/e/ /w/r/o/n/g/ /f/o/r/ /n/o/t/ /k/n/o/w/i/n/g/ /w/e/l/l/?/
105,"/I/f/ /I/'/m/ /h/u/n/g/r/y/ /b/u/t/ /I/ /c/a/n/'/t/ /e/a/t/ /a/n/y/t/h/i/n/g/,/ /i/t/'/l/l/ /b/e/ /p/a/i/n/f/u/l/./","/S/o/m/e/ /t/h/i/n/g/s/ /I/ /w/a/n/t/ /t/o/ /k/n/o/w/,/ /o/t/h/e/r/ /t/h/i/n/g/s/ /I/ /d/o/n/'/t/ /w/a/n/t/ /t/o/ /k/n/o/w/./"
106,"/I/f/ /t/h/e/ /w/e/a/t/h/e/r/ /i/s/ /t/e/r/r/i/b/l/e/,/ /m/y/ /b/o/d/y/ /a/n/d/ /m/i/n/d/ /f/e/e/l/ /f/e/e/l/i/n/g/ /d/o/w/n/ /a/s/ /w/e/l/l/./",/I/ /d/o/n/'/t/ /e/v/e/n/ /w/a/n/t/ /t/o/ /m/o/v/e/ /i/n/ /t/h/i/s/ /h/u/m/i/d/ /w/e/a/t/h/e/r/./
107,"/F/o/r/ /b/e/t/t/e/r/ /o/r/ /w/o/r/s/e/,/ /d/e/p/e/n/d/i/n/g/ /o/n/ /m/y/ /s/u/r/r/o/u/n/d/i/n/g/s/,/ /m/y/ /m/o/o/d/ /c/a/n/ /c/h/a/n/g/e/./","/S/o/m/e/t/i/m/e/s/ /i/t/'/s/ /g/o/o/d/ /t/o/ /b/e/ /a/l/o/n/e/,/ /s/o/m/e/t/i/m/e/s/ /i/t/'/s/ /b/a/d/./ /E/v/e/n/ /w/i/t/h/ /y/o/u/./"
108,/I/ /c/a/n/ /s/e/e/ /f/o/g/ /c/o/v/e/r/i/n/g/ /t/h/e/ /m/o/u/n/t/a/i/n/s/ /f/a/r/ /a/w/a/y/ /b/e/c/a/u/s/e/ /o/f/ /t/h/e/ /r/a/i/n/./ /I/ /w/o/n/d/e/r/ /w/h/a/t/ /i/t/ /l/o/o/k/s/ /l/i/k/e/ /u/p/ /t/h/e/r/e/./,/E/v/e/r/y/o/n/e/ /f/e/e/l/s/ /l/o/n/e/l/y/ /s/o/m/e/t/i/m/e/s/./ /I/ /d/o/././
109,"/I/t/'/s/ /h/a/r/d/ /t/o/ /c/l/i/m/b/ /a/ /m/o/u/n/t/a/i/n/,/ /b/u/t/ /I/ /f/e/e/l/ /r/e/f/r/e/s/h/e/d/ /a/f/t/e/r/w/a/r/d/s/./",/I/ /t/h/i/n/k/ /I/ /s/m/e/l/l/ /s/o/m/e/t/h/i/n/g/ /y/u/m/m/y/ /i/n/ /t/h/e/ /d/i/s/t/a/n/c/e/./ /H/m/m/././
110,"/T/h/e/ /w/i/n/d/ /f/e/e/l/s/ /c/o/o/l/ /h/e/r/e/./ /I/ /h/o/p/e/ /y/o/u/ /c/a/n/ /f/e/e/l/ /i/t/,/ /t/o/o/./","/I/ /m/a/y/ /n/o/t/ /l/i/k/e/ /i/t/ /n/o/w/,/ /b/u/t/ /w/i/l/l/ /i/t/ /g/e/t/ /b/e/t/t/e/r/ /s/o/m/e/d/a/y/?/"
111,"/S/o/m/e/t/i/m/e/s/,/ /I/ /d/o/n/'/t/ /k/n/o/w/ /w/h/a/t/ /t/o/ /d/o/ /I/f/ /I/ /h/a/v/e/ /m/y/ /f/r/e/e/ /t/i/m/e/./",/I/s/ /t/h/e/r/e/ /a/ /c/l/e/a/r/ /s/k/y/ /a/b/o/v/e/ /t/h/e/ /c/l/o/u/d/s/?/
112,"/P/e/o/p/l/e/ /w/i/t/h/ /c/o/l/d/ /h/a/n/d/s/ /j/o/k/e/ /t/h/a/t/ /t/h/e/i/r/ /h/e/a/r/t/s/ /a/r/e/ /w/a/r/m/,/ /b/u/t/ /I/ /d/o/n/'/t/ /k/n/o/w/ /t/h/e/r/e/'/s/ /s/o/m/e/ /t/r/u/t/h/ /t/o/ /i/t/././",/S/o/m/e/t/i/m/e/s/ /I/ /w/o/n/d/e/r/ /w/h/a/t/ /o/t/h/e/r/ /p/e/o/p/l/e/ /a/r/e/ /t/h/i/n/k/i/n/g/./
113,/T/h/i/s/ /p/l/a/y/g/r/o/u/n/d/ /l/o/o/k/s/ /a/ /l/i/t/t/l/e/ /d/i/f/f/e/r/e/n/t/ /f/r/o/m/ /t/h/e/ /o/n/e/s/ /I/'/v/e/ /s/e/e/n/ /b/e/f/o/r/e/./,"/I/ /w/a/s/ /w/a/l/k/i/n/g/ /d/o/w/n/ /t/h/e/ /s/t/r/e/e/t/,/ /a/n/d/ /s/o/m/e/o/n/e/ /l/o/o/k/e/d/ /a/t/ /m/e/,/ /I/ /w/o/n/d/e/r/e/d/ /w/h/a/t/ /t/h/e/y/ /w/e/r/e/ /t/h/i/n/k/i/n/g/./"
114,"/I/ /h/a/v/e/ /h/u/r/t/ /m/y/ /b/u/t/t/ /o/n/c/e/ /w/h/e/n/ /I/ /w/a/s/ /g/o/i/n/g/ /d/o/w/n/ /t/h/e/ /s/l/i/d/e/./ /A/t/ /t/h/a/t/ /t/i/m/e/,/ /I/ /f/e/l/t/ /s/o/ /e/m/b/a/r/r/a/s/s/e/d/./",/S/o/m/e/t/i/m/e/s/ /I/ /g/e/t/ /f/l/u/s/t/e/r/e/d/ /w/h/e/n/ /s/o/m/e/ /o/n/e/s/ /f/o/c/u/s/ /o/n/ /m/e/./ /W/h/y/ /d/o/ /I/ /d/o/ /t/h/a/t/?/
115,/R/a/i/n/i/n/g/ /w/i/l/l/ /n/o/t/ /s/t/o/p/ /a/n/d/ /j/u/s/t/ /k/e/e/p/s/ /f/l/o/w/i/n/g/ /a/w/a/y/./,/N/o/t/h/i/n/g/ /c/h/a/n/g/e/s/ /a/s/ /f/a/s/t/ /a/s/ /t/h/e/ /c/i/t/y/././ /M/a/y/b/e/./
116,/(/M/u/m/b/l/e/s/./)/ /././././r/a/i/n/w/a/t/e/r/ /f/l/o/w/i/n/g/ /l/i/k/e/ /a/ /r/i/v/e/r/./././,/T/h/e/ /p/l/a/c/e/ /I/ /s/a/w/ /b/e/f/o/r/e/ /h/a/s/ /c/h/a/n/g/e/d/./ /I/t/’/s/ /c/h/a/n/g/i/n/g/ /t/o/o/ /f/a/s/t/./
117,/D/o/ /y/o/u/ /t/h/i/n/k/ /i/t/'/d/ /b/e/ /e/v/e/n/ /c/o/l/d/e/r/ /i/f/ /w/e/ /w/e/n/t/ /t/o/ /t/h/e/ /s/e/a/ /w/h/e/n/ /i/t/ /r/a/i/n/s/?/,/I/ /d/o/n/'/t/ /e/v/e/n/ /t/o/ /w/e/a/r/ /s/u/n/g/l/a/s/s/e/s/ /i/n/ /t/h/i/s/ /w/e/a/t/h/e/r/./
118,/I/'/d/ /l/i/k/e/ /m/y/ /d/r/e/a/m/s/ /t/o/ /b/e/ /a/b/o/u/t/ /w/a/r/m/ /d/r/e/a/m/s/./ /I/ /d/o/n/'/t/ /l/i/k/e/ /t/h/e/ /c/o/l/d/ /a/n/y/m/o/r/e/./,/I/s/ /t/h/e/r/e/ /a/n/y/ /w/a/y/ /t/o/ /s/t/o/p/ /t/h/e/ /f/l/o/w/?/
119,"/I/n/ /t/h/i/s/ /w/e/a/t/h/e/r/,/ /e/a/t/i/n/g/ /s/o/m/e/t/h/i/n/g/ /w/a/r/m/ /w/i/l/l/ /r/e/a/l/l/y/ /m/a/k/e/ /f/e/e/l/ /c/o/m/f/o/r/t/a/b/l/e/./",/I/ /l/i/v/e/ /h/e/r/e/ /a/n/d/ /I/ /e/x/i/s/t/./
120,"/I/f/ /y/o/u/ /f/e/e/l/ /c/o/m/f/o/r/t/a/b/l/e/ /a/n/d/ /r/e/l/a/x/e/d/,/ /w/i/l/l/ /b/e/ /c/o/m/f/o/r/t/a/b/l/e/ /w/h/a/t/e/v/e/r/ /t/o/ /d/o/./",/I/t/'/s/ /b/e/e/n/ /a/ /w/h/i/l/e/ /s/i/n/c/e/ /I/ /w/e/n/t/ /t/o/ /k/a/r/a/o/k/e/./ /I/ /c/a/n/ /s/i/n/g/ /a/s/ /l/o/u/d/ /a/s/ /I/ /w/a/n/t/./
121,"/I/f/ /I/ /k/e/e/p/ /m/y/s/e/l/f/ /f/r/o/m/ /c/r/y/i/n/g/ /w/h/e/n/ /I/ /w/a/n/t/ /t/o/,/ /I/'/l/l/ /e/n/d/ /u/p/ /g/e/t/t/i/n/g/ /s/i/c/k/ /i/n/ /m/y/ /m/i/n/d/./","/W/h/e/n/ /I/ /w/a/s/ /a/ /k/i/d/,/ /I/ /w/a/n/t/e/d/ /t/o/ /f/l/y/ /i/n/ /a/i/r/ /b/a/l/l/o/o/n/s/./"
122,"/S/o/m/e/t/i/m/e/s/ /I/f/ /I/ /w/a/n/t/ /t/o/ /s/h/a/k/e/ /o/f/f/ /a/l/l/ /t/h/e/s/e/ /t/h/i/n/g/s/,/ /I/ /t/h/i/n/k/ /I/ /n/e/e/d/ /t/o/ /d/o/ /t/h/a/t/./",/S/o/m/e/t/i/m/e/s/ /t/h/e/ /s/m/e/l/l/ /c/o/m/e/s/ /u/p/ /f/r/o/m/ /t/h/e/ /s/e/w/e/r/./ /E/w/w/././
123,/I/ /w/a/s/n/'/t/ /l/o/o/k/i/n/g/ /w/h/e/r/e/ /I/ /w/a/s/ /g/o/i/n/g/./ /T/h/e/n/ /w/a/t/e/r/ /s/p/l/a/s/h/e/d/ /o/n/ /m/y/ /b/o/o/t/s/./ /G/r/o/s/s/./,"/I/ /w/a/n/t/ /t/o/ /b/e/ /a/ /g/o/o/d/ /p/e/r/s/o/n/,/ /b/u/t/ /i/t/'/s/ /h/a/r/d/./"
124,"/I/'/l/l/ /h/a/v/e/ /t/o/ /d/r/y/ /m/y/ /b/o/o/t/s/ /a/n/d/ /u/m/b/r/e/l/l/a/ /w/h/e/n/ /I/ /g/e/t/ /h/o/m/e/./ /I/f/ /y/o/u/ /d/o/n/'/t/ /d/r/y/ /i/t/,/ /t/h/e/y/'/r/e/ /g/o/i/n/g/ /t/o/ /s/t/a/r/t/ /s/m/e/l/l/i/n/g/./","/S/o/m/e/t/i/m/e/s/ /I/ /w/a/n/t/ /t/o/ /c/r/y/,/ /b/u/t/ /I/ /c/a/n/'/t/./ /I/ /r/e/a/l/l/y/ /w/a/n/t/ /t/o/ /c/r/y/././"
125,"/M/y/ /u/m/b/r/e/l/l/a/ /w/i/l/l/ /d/r/y/ /u/p/ /o/n/e/ /d/a/y/,/ /r/i/g/h/t/?/",/H/o/w/ /n/i/c/e/ /i/t/ /w/o/u/l/d/ /b/e/ /i/f/ /e/v/e/r/y/o/n/e/ /c/o/u/l/d/ /f/l/y/ /f/r/e/e/l/y/./
126,/I/ /o/n/c/e/ /s/a/w/ /a/n/ /e/m/p/t/y/ /s/w/i/n/g/ /b/e/i/n/g/ /p/u/s/h/e/d/ /b/y/ /t/h/e/ /w/i/n/d/./ /I/t/ /w/a/s/ /k/i/n/d/ /o/f/ /c/r/e/e/p/y/./,/I/ /t/h/i/n/k/ /t/h/e/ /r/a/i/n/ /a/t/ /n/i/g/h/t/ /i/s/ /d/a/r/k/e/r/ /t/h/a/n/ /d/u/r/i/n/g/ /t/h/e/ /d/a/y/./
127,"/L/a/s/t/ /t/i/m/e/ /i/t/ /w/a/s/ /w/i/n/d/y/ /a/n/d/ /r/a/i/n/i/n/g/,/ /m/y/ /u/m/b/r/e/l/l/a/ /a/l/m/o/s/t/ /f/l/i/p/p/e/d/ /i/n/s/i/d/e/ /o/u/t/./",/M/y/ /m/e/m/o/r/i/e/s/ /a/r/e/ /f/a/d/i/n/g/ /e/v/e/n/ /i/f/ /I/ /d/o/n/’/t/ /w/a/n/t/ /t/h/e/m/ /t/o/./ /T/h/e/y/ /k/e/e/p/ /d/i/s/a/p/p/e/a/r/i/n/g/./
128,/I/ /l/i/k/e/ /t/h/e/ /b/o/o/t/s/ /I/'/m/ /w/e/a/r/i/n/g/ /r/i/g/h/t/ /n/o/w/./ /T/h/e/y/'/r/e/ /m/o/r/e/ /c/o/m/f/o/r/t/a/b/l/e/ /t/h/a/n/ /I/ /t/h/o/u/g/h/t/./,/(/S/u/d/d/e/n/l/y/ /f/l/a/s/h/e/s/ /i/n/ /t/h/e/ /s/k/y/./)/ /I/s/ /t/h/a/t/ /t/h/u/n/d/e/r/?/
129,"/M/y/ /u/m/b/r/e/l/l/a/ /i/s/ /r/e/a/l/l/y/ /s/t/u/r/d/y/,/ /s/o/ /I/ /d/o/n/'/t/ /h/a/v/e/ /t/o/ /w/o/r/r/y/ /w/h/e/n/ /I/ /g/o/ /o/u/t/./ /I/ /h/o/p/e/ /s/o/././","/E/v/e/n/ /i/f/ /y/o/u/ /t/h/i/n/k/ /i/t/'/s/ /a/n/n/o/y/i/n/g/,/ /y/o/u/ /m/i/g/h/t/ /n/e/e/d/ /i/t/ /s/o/m/e/w/h/e/r/e/./"
130,"/I/t/ /w/a/s/ /a/w/k/w/a/r/d/ /a/t/ /f/i/r/s/t/,/ /b/u/t/ /I/'/m/ /s/t/a/r/t/i/n/g/ /t/o/ /g/e/t/ /u/s/e/d/ /t/o/ /b/e/i/n/g/ /a/r/o/u/n/d/ /y/o/u/./ /",/I/ /d/o/n/'/t/ /k/n/o/w/ /w/h/e/t/h/e/r/ /I/'/l/l/ /s/u/c/c/e/e/d/ /o/r/ /f/a/i/l/ /w/h/e/n/ /I/ /t/r/y/ /s/o/m/e/t/h/i/n/g/ /n/e/w/./
131,/M/a/y/b/e/ /s/o/m/e/d/a/y/. /h/m/m/././ /(/Y/o/u/ /l/o/o/k/ /u/p/ /a/t/ /t/h/e/ /s/k/y/ /p/e/n/s/i/v/e/l/y/./)/,/W/o/u/l/d/ /I/ /b/e/ /h/a/p/p/y/ /i/f/ /m/y/ /m/i/n/d/ /w/a/s/ /f/i/l/l/e/d/ /w/i/t/h/ /p/e/a/c/e/?/
132,"/I/t/'/s/ /n/o/t/ /e/a/s/y/ /t/o/ /s/m/i/l/e/,/ /e/s/p/e/c/i/a/l/l/y/ /w/h/e/n/ /I/'/m/ /s/a/d/./ /I/ /w/i/s/h/ /i/t/ /w/e/r/e/,/ /b/u/t/ /i/t/'/s/ /n/e/v/e/r/ /t/h/a/t/ /s/i/m/p/l/e/./",/I/ /f/e/e/l/ /a/ /l/i/t/t/l/e/ /d/i/z/z/y/./ /I/ /n/e/e/d/ /s/o/m/e/ /r/e/s/t/./
133,/I/t/ /c/a/n/ /h/u/r/t/ /i/f/ /y/o/u/ /s/a/y/ /s/o/m/e/t/h/i/n/g/ /w/h/e/n/ /y/o/u/ /d/o/n/'/t/ /k/n/o/w/ /m/y/ /s/i/t/u/a/t/i/o/n/ /t/h/e/ /w/e/l/l/./,/I/ /t/h/i/n/k/ /i/t/'/s/ /b/e/e/n/ /a/ /w/h/i/l/e/ /s/i/n/c/e/ /I/ /s/a/w/ /a/ /m/o/v/i/e/ /i/n/ /a/ /m/o/v/i/e/ /t/h/e/a/t/e/r/./
134,"/I/f/ /I/ /g/e/t/ /c/a/u/g/h/t/ /i/n/ /a/ /s/h/o/w/e/r/,/ /t/h/e/ /h/e/a/v/y/ /r/a/i/n/ /m/i/g/h/t/ /h/u/r/t/ /m/e/./",/I/ /w/a/n/t/ /s/o/m/e/o/n/e/ /t/o/ /r/e/a/c/h/ /o/u/t/ /t/h/e/i/r/ /h/a/n/d/ /w/h/e/n/ /I/ /a/m/ /f/a/l/l/i/n/g/ /d/o/w/n/./
135,/Y/o/u/ /c/a/n/'/t/ /a/l/w/a/y/s/ /l/i/v/e/ /y/o/u/r/ /l/i/f/e/ /l/i/k/e/ /y/o/u/ /w/a/n/t/./ /I/t/'/s/ /j/u/s/t/ /n/o/t/ /a/ /g/o/o/d/ /i/d/e/a/./,/S/o/m/e/o/n/e/ /t/o/l/d/ /m/e/ /t/h/a/t/ /s/i/n/g/i/n/g/ /w/h/e/n/ /I/ /a/m/ /s/a/d/ /w/i/l/l/ /m/a/k/e/ /m/e/ /f/e/e/l/ /b/e/t/t/e/r/./
136,"/E/v/e/n/ /i/f/ /w/e/'/r/e/ /i/n/ /a/ /g/o/o/d/ /r/e/l/a/t/i/o/n/s/h/i/p/,/ /i/t/'/s/ /a/ /l/i/t/t/l/e/ /b/i/t/ /r/u/d/e/ /t/o/ /s/t/e/p/ /o/v/e/r/ /t/h/e/ /l/i/n/e/./",/(/E/y/e/s/ /l/o/o/k/ /l/i/k/e/ /s/a/d/./)/ /./././
137,"/S/o/m/e/h/o/w/,/ /l/i/s/t/e/n/i/n/g/ /t/o/ /c/l/a/s/s/i/c/a/l/ /m/u/s/i/c/ /o/n/ /a/ /r/a/i/n/y/ /d/a/y/ /m/a/k/e/s/ /y/o/u/ /f/e/e/l/ /d/i/f/f/e/r/e/n/t/./","/S/o/m/e/t/i/m/e/s/ /w/h/e/n/ /I/ /l/o/o/k/ /u/p/ /a/t/ /t/h/e/ /s/k/y/,/ /s/o/m/e/t/h/i/n/g/ /p/a/s/s/e/s/ /b/y/ /q/u/i/c/k/l/y/./"
138,/I/ /c/a/n/ /s/e/e/ /s/o/m/e/ /l/e/a/v/e/s/ /i/n/ /t/h/a/t/ /p/u/d/d/l/e/./ /T/h/e/r/e/ /a/r/e/n/'/t/ /t/h/a/t/ /m/a/n/y/ /t/h/o/u/g/h/./,"/(/L/o/o/k/i/n/g/ /u/p/ /a/t/ /t/h/e/ /s/k/y/,/ /h/u/m/m/i/n/g/./)/"
139,/I/ /t/r/i/e/d/ /b/u/n/g/e/o/p/p/a/n/g/ /a/n/d/ /i/t/ /w/a/s/ /s/w/e/e/t/e/r/ /b/e/c/a/u/s/e/ /t/h/e/ /r/e/d/ /b/e/a/n/ /p/a/s/t/e/ /w/a/s/ /w/a/r/m/./,/(/L/o/o/k/i/n/g/ /a/t/ /t/h/e/ /f/l/y/e/r/ /o/n/ /t/h/e/ /w/a/l/l/./)/
140,"/T/h/e/r/e/ /w/e/r/e/n/'/t/ /t/h/a/t/ /m/a/n/y/ /p/l/a/c/e/s/ /t/h/a/t/ /s/o/l/d/ /o/c/t/o/p/u/s/ /b/u/n/s/ /b/e/f/o/r/e/,/ /b/u/t/ /I/'/m/ /s/e/e/i/n/g/ /t/h/e/m/ /b/e/i/n/g/ /s/o/l/d/ /e/v/e/r/y/w/h/e/r/e/ /t/h/e/s/e/ /d/a/y/s/./",/I/ /f/e/e/l/ /t/i/r/e/d/./ /H/m/m/./.
141,"9/W/h/i/c/h/ /d/o/ /y/o/u/ /l/i/k/e/ /b/e/t/t/e/r/ /o/n/ /a/ /h/o/t/d/o/g/,/ /k/e/t/c/h/u/p/ /o/r/ /m/u/s/t/a/r/d/?/ /8/ /K/e/t/c/h/u/p/ / / / /7/ /M/u/s/t/a/r/d/ / / / /+/I/ /t/h/i/n/k/ /t/h/e/ /s/a/l/t/i/n/e/s/s/ /a/n/d/ /t/h/e/ /t/o/m/a/t/o/ /f/l/a/v/o/r/ /t/a/s/t/e/s/ /s/o/ /g/o/o/d/ /t/o/g/e/t/h/e/r/./-/ /*/S/o/m/e/t/i/m/e/s/,/ /t/h/e/ /s/w/e/e/t/ /a/n/d/ /s/o/u/r/ /t/a/s/t/e/ /r/e/a/l/l/y/ /m/a/k/e/ /m/y/ /m/o/u/t/h/ /w/a/t/e/r/./=/",9/I/s/ /t/h/e/r/e/ /a/n/y/t/h/i/n/g/ /y/o/u/ /w/a/n/t/ /t/o/ /d/o/ /s/o/m/e/d/a/y/?/ /8/ /y/e/s/ / / / / / / / /7/ /n/o/ / / / / / / / / /+/I/ /t/h/i/n/k/ /i/t/ /c/o/u/l/d/ /h/a/p/p/e/n/ /o/n/e/ /d/a/y/./-/ /*/ /B/u/t/ /I/ /f/e/e/l/ /l/i/k/e/ /i/t/ /j/u/s/t/ /h/a/p/p/e/n/e/d/ /r/e/c/e/n/t/l/y/./=/
142,"9/H/m/m/./././ /s/h/o/u/l/d/ /w/e/ /g/o/ /b/a/c/k/ /h/o/m/e/ /n/o/w/?/ /8/ /Y/e/s/ / / / / / / / /7/ /N/o/t/ /y/e/t/ / / / /+/I/ /w/a/n/t/ /t/o/ /s/t/a/y/ /a/ /b/i/t/ /l/o/n/g/e/r/,/ /b/u/t/ /I/ /g/u/e/s/s/ /I/ /h/a/v/e/ /t/o/ /g/o/ /b/a/c/k/ /e/v/e/n/t/u/a/l/l/y/./-/ /*/T/h/e/n/ /l/e/t/s/ /h/e/a/d/ /h/o/m/e/ /i/n/ /a/ /b/i/t/./ /I/ /w/a/n/t/ /t/o/ /e/n/j/o/y/ /t/h/e/ /f/r/e/s/h/ /a/i/r/ /f/o/r/ /a/ /l/i/t/t/l/e/ /l/o/n/g/e/r/./=/",9/I/f/ /y/o/u/ /w/e/r/e/ /t/r/a/v/e/l/l/i/n/g/ /o/n/ /a/ /b/u/s/ /w/h/e/r/e/ /w/o/u/l/d/ /y/o/u/ /g/o/?/ /8/ /m/o/u/n/t/a/i/n/ / / /7/ /s/e/a/ / / / / / / / /+/I/ /w/a/n/t/ /t/o/ /g/o/ /u/p/ /t/o/ /t/h/e/ /t/o/p/ /a/n/d/ /s/c/r/e/a/m/ /t/o/ /h/e/a/r/ /t/h/e/ /e/c/h/o/./-/ /*/I/ /w/a/n/t/ /t/o/ /r/u/n/ /a/r/o/u/n/d/ /i/n/ /t/h/e/ /s/a/n/d/ /a/n/d/ /d/i/p/ /m/y/ /f/e/e/t/ /i/n/ /t/h/e/ /s/e/a/./=/
143,"9/T/h/e/r/e/ /a/r/e/ /t/w/o/ /f/l/a/v/o/r/s/ /o/f/ /K/o/r/e/a/n/ /f/r/i/e/d/ /c/h/i/c/k/e/n/./ /W/h/i/c/h/ /o/n/e/ /d/o/ /y/o/u/ /l/i/k/e/?/ /8/ /S/p/i/c/y/ / / / / / /7/S/w/e/e/t/ / / / / / / /+/I/ /n/o/r/m/a/l/l/y/ /c/a/n/'/t/ /e/a/t/ /t/h/i/n/g/s/ /t/h/a/t/ /a/r/e/ /t/o/o/ /s/p/i/c/y/,/ /b/u/t/ /a/ /l/i/t/t/l/e/ /s/p/i/c/e/ /c/a/n/ /h/e/l/p/ /r/e/l/i/e/v/e/ /s/t/r/e/s/s/ /a/n/d/ /m/a/k/e/s/ /y/o/u/ /s/w/e/a/t/,/ /s/o/ /I/ /g/u/e/s/s/ /i/t/'/s/ /w/o/r/t/h/ /i/t/./-/ /*/T/h/e/ /s/w/e/e/t/ /f/l/a/v/o/r/ /i/s/ /s/o/ /d/e/l/i/c/i/o/u/s/,/ /a/n/d/ /i/t/ /t/a/s/t/e/s/ /e/v/e/n/ /b/e/t/t/e/r/ /w/i/t/h/ /t/h/e/ /c/r/i/s/p/y/ /c/h/i/c/k/e/n/./=/","9/D/o/ /I/ /h/a/v/e/ /t/h/e/ /c/o/u/r/a/g/e/ /t/o/ /d/o/ /s/o/m/e/t/h/i/n/g/?/ /8/ /y/e/s/ / / / / / / / /7/ /n/o/ / / / / / / / / /+/I/ /h/o/p/e/ /I/ /h/a/v/e/ /t/h/e/ /c/o/u/r/a/g/e/ /t/o/ /d/o/ /i/t/./-/ /*/ /E/v/e/n/ /i/f/ /I/ /h/a/v/e/ /t/h/e/ /c/o/u/r/a/g/e/,/ /I/'/m/ /l/a/c/k/i/n/g/ /t/h/e/ /c/o/n/f/i/d/e/n/c/e/./=/"
144,"9/D/o/ /y/o/u/ /d/i/s/l/i/k/e/ /r/a/i/n/y/ /w/e/a/t/h/e/r/?/ /8/ /Y/e/s/ / / / / / / / /7/ /N/o/ / / / / / / / / /+/I/ /u/n/d/e/r/s/t/a/n/d/./ /Y/o/u/ /m/a/y/ /b/e/ /d/i/s/l/i/k/e/ /i/t/./-/ /*/M/a/y/ /b/e/ /I/t/ /i/s/ /b/e/c/a/u/s/e/ /i/t/'/s/ /m/a/k/e/s/ /i/t/ /c/o/o/l/e/r/./ /i/t/'/s/ /n/i/c/e/ /t/o/ /s/e/e/,/ /e/i/t/h/e/r/./=/","9/H/a/v/e/ /y/o/u/ /e/v/e/r/ /s/e/e/n/ /t/h/e/ /s/k/y/ /o/n/ /t/h/e/ /r/o/o/f/t/o/p/?/ /8/ /y/e/s/ / / / / / / / /7/ /n/o/ / / / / / / / / /+/I/t/ /l/o/o/k/s/ /w/i/d/e/r/ /a/n/d/ /t/a/l/l/e/r/ /t/h/a/n/ /w/h/a/t/ /I/ /s/e/e/ /f/r/o/m/ /t/h/e/ /g/r/o/u/n/d/ /o/f/ /t/h/e/ /b/u/i/l/d/i/n/g/./-/ /*/I/t/'/s/ /n/o/t/ /a/s/ /s/c/a/r/y/ /a/s/ /y/o/u/ /m/i/g/h/t/ /t/h/i/n/k/,/ /y/o/u/ /c/a/n/ /t/r/y/ /i/t/ /l/a/t/e/r/./=/"
145,"9/(/Y/o/u/ /a/r/e/ /s/t/a/r/i/n/g/ /a/t/ /m/e/./ /S/h/o/u/l/d/ /I/ /t/a/l/k/ /t/o/ /t/h/e/m/?/)/ /8/ /D/o/ /i/t/ / / / / / /7/ /D/o/n/'/t/ /i/t/ / / /+/././I/ /d/i/d/n/'/t/ /k/n/o/w/ /w/e/ /w/o/u/l/d/ /b/e/ /s/t/a/n/d/i/n/g/ /h/e/r/e/ /w/h/e/n/ /w/e/ /f/i/r/s/t/ /m/e/t/./ /(/Y/o/u/ /t/u/r/n/ /a/w/a/y/ /y/o/u/r/ /f/a/c/e/./)/-/ /*/W/e/l/l/,/ /i/t/ /i/s/ /r/a/i/n/i/n/g/ /a/ /l/o/t/./ /(/Y/o/u/ /l/o/o/k/i/n/g/ /s/o/m/e/w/h/e/r/e/ /e/l/s/e/./)/=/","9/A/r/e/ /t/h/e/r/e/ /r/e/a/l/l/y/ /r/a/t/s/ /l/i/v/i/n/g/ /i/n/ /t/h/e/ /c/i/t/y/?/ /8/ /M/a/y/b/e/ / / / / / /7/ /n/o/ / / / / / / / / /+/D/o/n/'/t/ /t/h/e/y/ /m/o/v/e/ /l/i/k/e/ /i/n/ /t/h/e/ /m/o/v/i/e/s/?/ /I/'/m/ /a/ /l/i/t/t/l/e/ /s/c/a/r/e/d/./-/ /*/I/'/v/e/ /n/e/v/e/r/ /s/e/e/n/ /o/n/e/ /b/e/f/o/r/e/,/ /s/o/ /I/ /d/o/n/'/t/ /k/n/o/w/./=/"
146,"9/I/ /u/s/e/d/ /t/o/ /c/o/m/e/ /h/e/r/e/ /a/ /l/o/t/ /w/h/e/n/ /I/ /w/a/s/ /y/o/u/n/g/e/r/./ /W/h/e/n/ /w/a/s/ /t/h/e/ /l/a/s/t/ /t/i/m/e/ /y/o/u/ /v/i/s/i/t/e/d/ /a/ /p/l/a/y/g/r/o/u/n/d/?/8/ /R/e/c/e/n/t/l/y/ / / /7/L/o/n/g/ /a/g/o/ / / / /+/M/a/y/b/e/ /w/e/ /c/a/n/ /g/o/ /o/n/ /t/h/e/ /s/w/i/n/g/ /o/r/ /d/o/w/n/ /t/h/e/ /s/l/i/d/e/./ /J/u/s/t/ /s/e/e/i/n/g/ /t/h/e/m/ /a/g/a/i/n/ /m/a/k/e/s/ /m/e/ /h/a/p/p/i/e/r/./-/ /*/N/o/w/ /t/h/a/t/ /I/'/m/ /o/l/d/e/r/,/ /I/ /d/o/n/'/t/ /h/a/v/e/ /t/i/m/e/ /t/o/ /c/o/m/e/ /h/e/r/e/./ /A/n/d/ /o/n/e/ /d/a/y/ /i/t/'/l/l/ /b/e/ /f/o/r/g/o/t/t/e/n/./=/","9/I/f/ /I/ /c/a/n/'/t/ /r/u/n/ /a/w/a/y/,/ /s/h/o/u/l/d/ /I/ /k/e/e/p/ /t/r/y/i/n/g/ /o/r/ /j/u/s/t/ /g/i/v/e/ /u/p/?/ /8/ /t/r/y/ / / / / / / / /7/ /g/i/v/e/ /u/p/ / / / /+/I/'/m/ /n/o/t/ /s/u/r/e/ /i/t/'/s/ /r/i/g/h/t/ /t/o/ /s/a/y/ /[/J/u/s/t/ /e/n/j/o/y/ /i/t/ /i/f/ /y/o/u/ /c/a/n/'/t/ /a/v/o/i/d/ /i/t/]/-/ /*/I/ /t/h/i/n/k/ /t/h/e/r/e/'/s/ /a/ /r/e/a/s/o/n/ /w/h/y/ /p/e/o/p/l/e/ /s/a/y/./ /[/N/e/v/e/r/ /g/i/v/e/ /u/p/]/=/"
147,9/D/o/ /y/o/u/ /l/i/k/e/ /b/e/i/n/g/ /o/u/t/s/i/d/e/ /l/i/k/e/ /t/h/i/s/?/ /8/ /G/o/o/d/ / / / / / / /7/N/o/t/ /g/o/o/d/ / / / /+/I/t/'/s/ /n/o/t/ /b/a/d/ /t/o/ /g/e/t/ /a/w/a/y/ /f/r/o/m/ /t/h/e/ /s/t/u/f/f/y/ /a/i/r/ /i/n/d/o/o/r/s/././-/ /*/I/t/'/s/ /n/o/t/ /b/a/d/ /s/t/a/y/ /i/n/d/o/o/r/s/ /i/f/ /y/o/u/ /l/i/k/e/ /i/t/./=/,"9/D/o/ /y/o/u/ /d/r/i/n/k/ /c/o/f/f/e/e/ /i/n/ /t/h/e/ /c/a/f/e/?/ /8/ /G/o/o/d/ / / / / / / /7/ /N/o/ / / / / / / / / /+/I/ /l/i/k/e/ /t/h/e/ /s/m/e/l/l/ /o/f/ /c/o/f/f/e/e/./ /I/t/ /c/a/l/m/s/ /m/e/./-/ /*/Y/o/u/ /m/i/g/h/t/ /n/o/t/ /l/i/k/e/ /t/h/e/ /t/a/s/t/e/ /o/f/ /t/h/e/ /c/o/f/f/e/e/,/ /I/ /d/i/d/n/'/t/ /l/i/k/e/ /t/h/e/ /b/i/t/t/e/r/ /t/a/s/t/e/ / /t/h/e/ /f/i/r/s/t/ /t/i/m/e/ /I/ /d/r/a/n/k/ /i/t/ /e/i/t/h/e/r/./=/"
148,9/I/ /t/h/i/n/k/ /t/h/e/ /r/a/i/n/ /i/s/ /s/t/a/r/t/i/n/g/ /t/o/ /s/p/l/a/s/h/./ /(/W/h/a/t/ /s/h/o/u/l/d/ /I/ /d/o/./ /S/h/o/u/l/d/ /I/ /c/o/v/e/r/ /t/h/e/m/?/)/ /8/ /Y/e/s/ / / / / / / / /7/ /N/o/ / / / / / / / / /+/(/Y/o/u/ /s/e/e/m/ /t/o/ /b/e/ /e/m/b/a/r/r/a/s/s/e/d/./)/ /O/h/./ /T/h/a/n/k/ /y/o/u/./-/ /*/S/o/m/e/ /w/a/t/e/r/ /s/p/l/a/s/h/e/d/ /o/n/t/o/ /m/e/./ /I/ /d/i/d/n/'/t/ /r/e/a/l/i/z/e/./=/,9/H/a/v/e/ /y/o/u/ /e/v/e/r/ /s/e/e/n/ /a/ /m/o/v/i/e/ /i/n/ /a/ /m/o/v/i/e/ /t/h/e/a/t/e/r/?/ /8/ /y/e/s/ / / / / / / / /7/ /n/o/ / / / / / / / / /+/T/h/e/ /s/c/r/e/e/n/ /i/s/ /s/o/ /b/i/g/ /t/h/a/t/ /i/t/'/s/ /i/n/c/o/m/p/a/r/a/b/l/e/ /t/o/ /t/h/e/ /T/V/./ /A/l/s/o/ /I/ /l/i/k/e/ /i/t/ /b/e/c/a/u/s/e/ /i/t/'/s/ /l/o/u/d/./-/ /*/I/t/'/s/ /g/o/o/d/ /t/o/ /e/n/j/o/y/ /a/ /m/o/v/i/e/ /c/o/m/f/o/r/t/a/b/l/y/ /i/n/ /m/y/ /o/w/n/ /p/l/a/c/e/ /w/h/i/l/e/ /s/a/v/i/n/g/ /m/o/n/e/y/./=/
149,"9/I/s/ /i/t/ /b/a/d/ /t/o/ /w/a/n/t/ /t/o/ /b/e/ /a/l/o/n/e/ /s/o/m/e/t/i/m/e/s/?/ /8/ /Y/e/s/ / / / / / / / /7/ /M/a/y/b/e/ / / / / / /+/I/n/ /f/a/c/t/,/ /I/ /d/o/n/'/t/ /k/n/o/w/./ / /I/ /t/h/o/u/g/h/t/ /t/h/a/t/ /i/t/ /w/a/s/ /f/i/n/e/ /o/r/ /g/u/e/s/s/ /n/o/t/././-/ /*/I/ /t/h/i/n/k/ /i/t/'/s/ /b/a/d/,/ /b/u/t/ /I/ /m/a/y/ /o/r/ /n/o/t/ /k/n/o/w/ /w/h/a/t/ /t/o/ /d/o/./=/","9/W/h/i/c/h/ /o/n/e/ /d/o/ /y/o/u/ /l/i/k/e/ /b/e/t/t/e/r/,/ /a/ /p/e/n/c/i/l/ /o/r/ /a/ /p/e/n/?/ /8/ /P/e/n/c/i/l/ / / / / /7/ /P/e/n/ / / / / / / / /+/I/t/ /f/e/e/l/s/ /g/o/o/d/ /t/o/ /w/r/i/t/e/ /w/i/t/h/ /a/ /p/e/n/c/i/l/ /o/n/ /a/ /p/i/e/c/e/ /o/f/ /p/a/p/e/r/./-/ /*/P/r/e/s/s/i/n/g/ /d/o/w/n/ /o/n/ /t/h/e/ /p/e/n/ /a/n/d/ /w/r/i/t/i/n/g/ /o/n/ /p/a/p/e/r/ /i/s/ /n/o/t/ /b/a/d/./=/"
150,"9/I/f/ /I/ /m/a/k/e/ /a/ /w/i/s/h/,/ /w/i/l/l/ /i/t/ /c/o/m/e/ /t/r/u/e/ /o/n/e/ /d/a/y/?/ /8/ /Y/e/a/h/ / / / / / / /7/I/ /d/o/n/'/t/ /k/n/o/w/+/I/f/ /y/o/u/ /r/e/a/l/l/y/ /w/a/n/t/ /i/t/,/ /i/t/'/l/l/ /c/o/m/e/ /t/r/u/e/./ /M/a/y/b/e/ /b/o/t/h/ /o/f/ /o/u/r/ /w/i/s/h/e/s/ /w/i/l/l/ /c/o/m/e/ /t/r/u/e/ /s/o/m/e/d/a/y/./-/ /*/I/ /t/h/i/n/k/ /i/t/'/s/ /e/v/e/n/ /m/o/r/e/ /p/r/e/c/i/o/u/s/ /b/e/c/a/u/s/e/ /i/t/ /c/a/n/'/t/ /c/o/m/e/ /t/r/u/e/./=/",9/D/o/ /y/o/u/ /l/i/k/e/ /t/o/ /g/o/ /o/u/t/ /o/r/ /s/t/a/y/ /i/n/s/i/d/e/?/ /8/ /O/u/t/s/i/d/e/ / / / /7/ /I/n/s/i/d/e/ / / / / /+/I/t/'/s/ /b/e/t/t/e/r/ /t/o/ /m/o/v/e/ /a/r/o/u/n/d/ /a/n/d/ /b/e/ /a/c/t/i/v/e/ /t/h/a/n/ /t/o/ /s/t/a/y/ /s/i/t/t/i/n/g/ /d/o/w/n/./-/ /*/I/ /t/h/i/n/k/ /i/t/'/s/ /b/e/t/t/e/r/ /t/o/ /s/p/e/n/d/ /t/i/m/e/ /a/l/o/n/e/./=/
